-- MySQL dump 10.13  Distrib 5.7.37, for osx10.15 (x86_64)
--
-- Host: localhost    Database: codies_gusto
-- ------------------------------------------------------
-- Server version	5.7.31

/*!40101 SET @OLD_CHARACTER_SET_CLIENT=@@CHARACTER_SET_CLIENT */;
/*!40101 SET @OLD_CHARACTER_SET_RESULTS=@@CHARACTER_SET_RESULTS */;
/*!40101 SET @OLD_COLLATION_CONNECTION=@@COLLATION_CONNECTION */;
/*!40101 SET NAMES utf8 */;
/*!40103 SET @OLD_TIME_ZONE=@@TIME_ZONE */;
/*!40103 SET TIME_ZONE='+00:00' */;
/*!40014 SET @OLD_UNIQUE_CHECKS=@@UNIQUE_CHECKS, UNIQUE_CHECKS=0 */;
/*!40014 SET @OLD_FOREIGN_KEY_CHECKS=@@FOREIGN_KEY_CHECKS, FOREIGN_KEY_CHECKS=0 */;
/*!40101 SET @OLD_SQL_MODE=@@SQL_MODE, SQL_MODE='NO_AUTO_VALUE_ON_ZERO' */;
/*!40111 SET @OLD_SQL_NOTES=@@SQL_NOTES, SQL_NOTES=0 */;

--
-- Current Database: `codies_gusto`
--

/*!40000 DROP DATABASE IF EXISTS `codies_gusto`*/;

CREATE DATABASE /*!32312 IF NOT EXISTS*/ `codies_gusto` /*!40100 DEFAULT CHARACTER SET utf8 */;

USE `codies_gusto`;

--
-- Table structure for table `bill_types`
--

DROP TABLE IF EXISTS `bill_types`;
/*!40101 SET @saved_cs_client     = @@character_set_client */;
/*!40101 SET character_set_client = utf8 */;
CREATE TABLE `bill_types` (
  `bill_type_id` bigint(20) NOT NULL AUTO_INCREMENT,
  `bill_no` bigint(20) DEFAULT NULL,
  `type_id` bigint(20) DEFAULT NULL,
  `type_count` double DEFAULT '0',
  `type_price` double DEFAULT '0',
  `type_total_price` double DEFAULT '0',
  `type_discount` double DEFAULT '0',
  `type_vat` double DEFAULT '0',
  `type_exp_date` date DEFAULT NULL,
  `sell_unit` int(11) DEFAULT NULL,
  `returned` tinyint(1) DEFAULT '0',
  `returned_qty` double DEFAULT '0',
  `type_cost` double DEFAULT '0',
  `type_note` varchar(555) DEFAULT NULL,
  `returned_total` double DEFAULT '0',
  `without_stock` tinyint(1) DEFAULT NULL,
  `calc_count` double DEFAULT NULL,
  PRIMARY KEY (`bill_type_id`)
) ENGINE=InnoDB AUTO_INCREMENT=421 DEFAULT CHARSET=utf8;
/*!40101 SET character_set_client = @saved_cs_client */;

--
-- Dumping data for table `bill_types`
--

LOCK TABLES `bill_types` WRITE;
/*!40000 ALTER TABLE `bill_types` DISABLE KEYS */;
INSERT INTO `bill_types` VALUES (286,128,2,1,10,10,0,0,NULL,19,0,0,0,NULL,0,NULL,NULL),(287,129,2,1,10,10,0,0,NULL,20,0,0,0,NULL,0,NULL,NULL),(288,130,2,1,100,100,0,0,NULL,20,0,0,0,NULL,0,NULL,NULL),(289,131,2,1,100,100,0,0,NULL,20,0,0,0,NULL,0,NULL,NULL),(290,132,2,1,100,100,0,0,NULL,20,0,0,0,NULL,0,NULL,NULL),(291,133,2,1,100,100,0,0,NULL,20,0,0,0,NULL,0,NULL,NULL),(292,134,2,1,100,100,0,0,NULL,20,0,0,0,NULL,0,NULL,NULL),(293,135,2,1,100,100,0,0,NULL,20,0,0,0,NULL,0,NULL,NULL),(294,136,2,1,100,100,0,0,NULL,20,0,0,0,NULL,0,NULL,NULL),(295,137,2,2,100,200,0,0,NULL,20,0,0,0,NULL,0,NULL,NULL),(296,138,2,1,100,100,0,0,NULL,20,0,0,0,NULL,0,NULL,NULL),(297,139,2,1,100,100,0,0,NULL,20,0,0,0,NULL,0,NULL,NULL),(298,140,2,1,100,100,0,0,NULL,20,0,0,0,NULL,0,NULL,NULL),(299,141,2,1,100,100,0,0,NULL,20,0,0,0,NULL,0,NULL,NULL),(300,142,2,1,100,100,0,0,NULL,20,0,0,0,NULL,0,NULL,NULL),(301,143,2,1,100,100,0,0,NULL,20,0,0,0,NULL,0,NULL,NULL),(302,144,2,1,100,100,0,0,NULL,20,0,0,0,NULL,0,NULL,NULL),(303,148,4,1,20,20,0,0,NULL,21,1,0,0,NULL,0,NULL,NULL),(304,149,1,1,20,20,0,0,NULL,1,0,0,0,NULL,0,NULL,NULL),(305,150,1,1,20,20,0,0,NULL,1,0,0,0,NULL,0,NULL,NULL),(306,151,1,1,20,20,0,0,NULL,1,0,0,0,NULL,0,NULL,NULL),(307,152,1,1,20,20,0,0,NULL,1,0,0,0,NULL,0,NULL,NULL),(308,153,2,1,100,100,0,0,NULL,20,0,0,0,NULL,0,NULL,NULL),(309,154,2,1,100,100,0,0,NULL,20,0,0,0,NULL,0,NULL,NULL),(310,155,2,1,100,100,0,0,NULL,20,0,0,0,NULL,0,NULL,NULL),(311,156,2,1,100,100,0,0,NULL,20,0,0,0,NULL,0,NULL,NULL),(312,157,2,1,100,100,0,0,NULL,20,0,0,0,NULL,0,NULL,NULL),(313,158,2,1,100,100,0,0,NULL,20,0,0,0,NULL,0,NULL,NULL),(314,159,2,1,100,100,0,0,NULL,20,0,0,0,NULL,0,NULL,NULL),(315,160,2,1,100,100,0,0,NULL,20,0,0,0,NULL,0,NULL,NULL),(316,161,2,1,100,100,0,0,NULL,20,0,0,0,NULL,0,NULL,NULL),(317,162,2,1,100,100,0,0,NULL,20,0,0,0,NULL,0,NULL,NULL),(318,163,2,1,100,100,0,0,NULL,20,0,0,0,NULL,0,NULL,NULL),(319,164,2,1,100,100,0,0,NULL,20,0,0,0,NULL,0,NULL,NULL),(320,165,2,1,100,100,0,0,NULL,20,0,0,0,NULL,0,NULL,NULL),(321,166,2,1,200,200,0,0,NULL,22,0,0,0,NULL,0,NULL,NULL),(322,167,2,1,100,100,0,0,NULL,20,0,0,0,NULL,0,NULL,NULL),(323,168,2,1,100,100,0,0,NULL,20,0,0,0,NULL,0,NULL,NULL),(324,169,2,1,100,100,0,0,NULL,20,0,0,0,NULL,0,NULL,NULL),(325,170,2,1,100,100,0,0,NULL,20,0,0,0,NULL,0,NULL,NULL),(326,171,2,2,100,200,0,0,NULL,20,0,0,0,NULL,0,NULL,NULL),(327,171,4,1,20,20,0,0,NULL,21,0,0,0,NULL,0,NULL,NULL),(328,171,1,1,20,20,0,0,NULL,1,0,0,0,NULL,0,NULL,NULL),(329,172,2,2,100,200,0,0,NULL,20,0,0,0,NULL,0,NULL,NULL),(330,172,4,1,20,20,0,0,NULL,21,0,0,0,NULL,0,NULL,NULL),(331,172,1,1,20,20,0,0,NULL,1,0,0,0,NULL,0,NULL,NULL),(332,173,2,1,100,100,0,0,NULL,20,0,0,0,NULL,0,NULL,NULL),(333,174,2,1,100,100,0,0,NULL,20,0,0,0,NULL,0,NULL,NULL),(334,175,11,10,25,250,0,0,NULL,23,0,0,0,NULL,0,NULL,NULL),(335,176,5,1,10.5,10.5,0,0,NULL,NULL,0,0,0,NULL,0,NULL,NULL),(336,177,1,1,20,20,0,0,NULL,1,0,0,0,NULL,0,NULL,NULL),(337,178,1,1,20,20,0,0,NULL,1,0,0,0,NULL,0,NULL,NULL),(338,179,2,1,100,100,0,0,NULL,20,0,0,0,NULL,0,NULL,NULL),(339,180,2,1,100,100,0,0,NULL,20,0,0,0,NULL,0,NULL,NULL),(340,181,2,1,100,100,0,0,NULL,20,0,0,0,NULL,0,NULL,NULL),(341,182,2,1,100,100,0,0,NULL,20,0,0,0,NULL,0,NULL,NULL),(342,183,2,1,100,100,0,0,NULL,20,0,0,0,NULL,0,NULL,NULL),(343,184,1,1,20,20,0,0,NULL,1,0,0,0,NULL,0,NULL,NULL),(344,185,2,4,100,400,0,0,NULL,20,0,0,0,NULL,0,NULL,NULL),(345,186,6,1,12,12,0,0,NULL,NULL,0,0,0,NULL,0,NULL,NULL),(346,187,11,1,25,25,0,0,NULL,23,0,0,0,NULL,0,NULL,NULL),(347,188,1,1,20,20,0,0,NULL,1,0,0,0,NULL,0,NULL,NULL),(348,189,1,1,25,25,0,0,NULL,24,0,0,0,NULL,0,NULL,NULL),(349,191,2,1,100,100,0,0,NULL,20,0,0,0,NULL,0,NULL,NULL),(350,192,2,2,100,200,0,0,NULL,20,0,0,0,NULL,0,NULL,NULL),(351,193,2,1,100,100,0,0,NULL,20,0,0,0,NULL,0,NULL,NULL),(352,193,11,1,25,25,0,0,NULL,23,0,0,0,NULL,0,NULL,NULL),(353,194,2,1,100,100,0,0,NULL,20,0,0,0,NULL,0,NULL,NULL),(354,195,2,3,200,600,0,0,NULL,22,0,0,0,NULL,0,NULL,NULL),(355,195,11,1,25,25,0,0,NULL,23,0,0,0,NULL,0,NULL,NULL),(356,196,2,3,200,600,0,0,NULL,22,0,0,0,NULL,0,NULL,NULL),(357,196,11,1,25,25,0,0,NULL,23,0,0,0,NULL,0,NULL,NULL),(358,208,2,1,100,100,0,0,NULL,20,0,0,0,NULL,0,NULL,NULL),(359,216,2,1,100,100,0,0,NULL,20,0,0,0,NULL,0,NULL,NULL),(360,220,2,1,100,100,0,0,NULL,20,0,0,0,NULL,0,NULL,NULL),(361,221,2,1,100,100,0,0,NULL,20,0,0,0,NULL,0,NULL,NULL),(362,222,2,1,100,100,0,0,NULL,20,0,0,0,NULL,0,NULL,NULL),(363,223,2,1,100,100,0,0,NULL,20,0,0,0,NULL,0,NULL,NULL),(364,224,2,1,100,100,0,0,NULL,20,0,0,0,NULL,0,NULL,NULL),(365,225,2,1,100,100,0,0,NULL,20,0,0,0,NULL,0,NULL,NULL),(366,226,2,1,100,100,0,0,NULL,20,0,0,0,NULL,0,NULL,NULL),(367,227,2,1,100,100,0,0,NULL,20,0,0,0,NULL,0,NULL,NULL),(368,228,2,1,100,100,0,0,NULL,20,0,0,0,NULL,0,NULL,NULL),(369,229,2,1,100,100,0,0,NULL,20,0,0,0,NULL,0,NULL,NULL),(370,230,2,3,100,300,0,0,NULL,20,0,0,0,NULL,0,NULL,NULL),(371,231,2,2,100,200,0,0,NULL,20,0,0,0,NULL,0,NULL,NULL),(372,232,2,1,100,100,0,0,NULL,20,0,0,0,NULL,0,NULL,NULL),(373,233,2,1,100,100,0,0,NULL,20,0,0,0,NULL,0,NULL,NULL),(374,234,2,1,100,100,0,0,NULL,20,0,0,0,NULL,0,NULL,NULL),(375,235,2,1,100,100,0,0,NULL,20,0,0,0,NULL,0,NULL,NULL),(376,236,2,1,100,100,0,0,NULL,20,0,0,0,NULL,0,NULL,NULL),(377,237,3,1,20,20,0,0,NULL,NULL,0,0,0,NULL,0,NULL,NULL),(378,238,3,1,20,20,0,0,NULL,NULL,0,0,0,NULL,0,NULL,NULL),(379,239,3,1,20,20,0,0,NULL,NULL,0,0,0,NULL,0,NULL,NULL),(380,240,2,1,100,100,0,0,NULL,20,0,0,0,NULL,0,NULL,NULL),(381,241,2,1,100,100,0,0,NULL,20,0,0,0,NULL,0,NULL,NULL),(382,242,2,2,100,200,0,0,NULL,20,0,0,0,NULL,0,NULL,NULL),(383,243,2,1,100,100,0,0,NULL,20,0,0,0,NULL,0,NULL,NULL),(384,244,2,1,100,100,0,0,NULL,20,0,0,0,NULL,0,NULL,NULL),(385,245,2,1,100,100,0,0,NULL,20,0,0,0,NULL,0,NULL,NULL),(386,246,2,1,100,100,0,0,NULL,20,0,0,0,NULL,0,NULL,NULL),(387,247,2,1,100,100,0,0,NULL,20,0,0,0,NULL,0,NULL,NULL),(388,248,2,1,100,100,0,0,NULL,20,0,0,0,NULL,0,NULL,NULL),(389,249,2,2,100,200,0,0,NULL,20,0,0,0,NULL,0,NULL,NULL),(390,249,1,2,25,50,0,0,NULL,24,0,0,0,NULL,0,NULL,NULL),(391,249,4,3,20,60,0,0,NULL,21,0,0,0,NULL,0,NULL,NULL),(392,249,5,2,10.5,21,0,0,NULL,25,0,0,0,NULL,0,NULL,NULL),(393,249,7,2,55,110,0,0,NULL,27,0,0,0,NULL,0,NULL,NULL),(394,249,8,2,5,10,0,0,NULL,28,0,0,0,NULL,0,NULL,NULL),(395,249,11,2,25,50,0,0,NULL,23,0,0,0,NULL,0,NULL,NULL),(396,249,10,2,1.25,2.5,0,0,NULL,30,0,0,0,NULL,0,NULL,NULL),(397,249,9,1,15,15,0,0,NULL,29,0,0,0,NULL,0,NULL,NULL),(398,249,6,1,12,12,0,0,NULL,26,0,0,0,NULL,0,NULL,NULL),(399,249,3,1,20,20,0,0,NULL,31,0,0,0,NULL,0,NULL,NULL),(400,250,2,2,100,200,0,0,NULL,20,0,0,0,NULL,0,NULL,NULL),(401,251,2,1,100,100,0,0,NULL,20,0,0,0,NULL,0,NULL,NULL),(402,252,2,100,100,10000,0,0,NULL,20,0,0,0,NULL,0,NULL,NULL),(403,253,2,10,100,1000,0,0,NULL,20,0,0,0,NULL,0,NULL,NULL),(404,254,2,10,100,1000,0,0,NULL,20,0,0,0,NULL,0,NULL,NULL),(405,255,2,10,100,1000,0,0,NULL,20,0,0,0,NULL,0,NULL,NULL),(406,256,2,1,100,100,0,0,NULL,20,0,0,0,NULL,0,NULL,NULL),(407,257,2,1,100,100,0,0,NULL,20,0,0,0,NULL,0,NULL,NULL),(408,258,2,1,100,100,0,0,NULL,20,0,0,0,NULL,0,NULL,NULL),(409,259,2,1,100,100,0,0,NULL,20,0,0,0,NULL,0,NULL,NULL),(410,260,2,1,100,100,0,0,NULL,20,0,0,0,NULL,0,NULL,NULL),(411,264,2,1,200,200,0,0,NULL,22,0,0,0,NULL,0,NULL,NULL),(412,265,2,1,200,200,0,0,NULL,22,1,0,0,NULL,0,NULL,NULL),(413,266,3,1,20,20,0,0,NULL,31,1,0,0,NULL,0,NULL,NULL),(414,267,2,1,200,200,0,0,NULL,22,1,0,0,NULL,0,NULL,NULL),(415,268,2,1,200,200,0,0,NULL,22,0,0,0,NULL,0,NULL,NULL),(416,268,3,1,20,20,0,0,NULL,31,0,0,0,NULL,0,NULL,NULL),(417,268,5,1,10.5,10.5,0,0,NULL,25,0,0,0,NULL,0,NULL,NULL),(418,268,8,1,5,5,0,0,NULL,28,0,0,0,NULL,0,NULL,NULL),(419,268,9,1,15,15,0,0,NULL,29,0,0,0,NULL,0,NULL,NULL),(420,269,2,11,10,110,0,0,NULL,32,1,0,0,NULL,0,NULL,NULL);
/*!40000 ALTER TABLE `bill_types` ENABLE KEYS */;
UNLOCK TABLES;

--
-- Table structure for table `bills`
--

DROP TABLE IF EXISTS `bills`;
/*!40101 SET @saved_cs_client     = @@character_set_client */;
/*!40101 SET character_set_client = utf8 */;
CREATE TABLE `bills` (
  `bill_no` bigint(20) NOT NULL AUTO_INCREMENT,
  `cust_id` bigint(20) DEFAULT NULL,
  `bill_sum` double DEFAULT '0' COMMENT 'Tha actual sum for the bill',
  `bill_discount` double DEFAULT '0',
  `bill_total` double DEFAULT '0' COMMENT 'The summation after discount',
  `bill_date` datetime DEFAULT NULL,
  `bill_is_paid` tinyint(1) NOT NULL DEFAULT '0',
  `bill_extra` double DEFAULT '0',
  `bill_remain_val` double DEFAULT NULL,
  `bill_paid_val` double DEFAULT NULL,
  `delete_date` date DEFAULT NULL,
  `bill_notes` text,
  `is_deleted` tinyint(1) NOT NULL DEFAULT '0',
  `user_id` int(11) DEFAULT NULL,
  `bill_vat_val` double DEFAULT NULL,
  `bill_paid_type` tinyint(1) DEFAULT '1',
  `cust_balance_after` double DEFAULT NULL,
  `cust_balance_before` varchar(45) DEFAULT NULL,
  `mixins_store` int(11) DEFAULT NULL,
  `hold_bill` tinyint(1) DEFAULT '0',
  `total_returned` double DEFAULT '0',
  `all_returned_val` double DEFAULT '0',
  `bill_discount_percent` double DEFAULT NULL,
  `returned` tinyint(1) DEFAULT '0',
  PRIMARY KEY (`bill_no`)
) ENGINE=InnoDB AUTO_INCREMENT=270 DEFAULT CHARSET=utf8 COMMENT='The bill for customer';
/*!40101 SET character_set_client = @saved_cs_client */;

--
-- Dumping data for table `bills`
--

LOCK TABLES `bills` WRITE;
/*!40000 ALTER TABLE `bills` DISABLE KEYS */;
INSERT INTO `bills` VALUES (128,NULL,10,0,11.5,'2022-02-17 14:13:29',0,0,0,11.5,NULL,NULL,0,1,1.5,1,NULL,NULL,NULL,0,0,0,NULL,0),(129,NULL,10,50,5.75,'2022-02-17 14:16:16',0,0,0,5.75,NULL,NULL,0,1,0.75,1,NULL,NULL,NULL,0,0,0,NULL,0),(130,NULL,100,0,115,'2022-02-17 14:26:40',0,0,0,115,NULL,NULL,0,1,15,1,NULL,NULL,NULL,0,0,0,NULL,0),(131,NULL,100,0,115,'2022-02-17 14:27:59',0,0,0,115,NULL,NULL,0,1,15,1,NULL,NULL,NULL,0,0,0,NULL,0),(132,NULL,100,0,115,'2022-02-17 14:28:14',0,0,0,115,NULL,NULL,0,1,15,1,NULL,NULL,NULL,0,0,0,NULL,0),(133,NULL,100,0,115,'2022-02-17 14:29:11',0,0,0,115,NULL,NULL,0,1,15,1,NULL,NULL,NULL,0,0,0,NULL,1),(134,NULL,100,50,57.5,'2022-02-17 14:30:48',0,0,0,57.5,NULL,NULL,0,1,7.5,1,NULL,NULL,NULL,0,0,0,NULL,0),(135,NULL,100,50,57.5,'2022-02-17 14:31:16',0,0,0,57.5,NULL,NULL,0,1,7.5,1,NULL,NULL,NULL,0,0,0,NULL,0),(136,NULL,100,50,57.5,'2022-02-17 14:31:48',0,0,0,57.5,NULL,NULL,0,1,7.5,1,NULL,NULL,NULL,0,0,0,NULL,0),(137,NULL,200,50,115,'2022-02-17 14:32:07',0,0,0,115,NULL,NULL,0,1,15,1,NULL,NULL,NULL,0,0,0,NULL,0),(138,NULL,100,0,115,'2022-02-17 14:32:16',0,0,0,115,NULL,NULL,0,1,15,1,NULL,NULL,NULL,0,0,0,NULL,0),(139,NULL,100,0,115,'2022-02-17 14:32:45',0,0,0,115,NULL,NULL,0,1,15,1,NULL,NULL,NULL,0,0,0,NULL,0),(140,NULL,100,0,115,'2022-02-17 14:33:26',0,0,0,115,NULL,NULL,0,1,15,1,NULL,NULL,NULL,0,0,0,NULL,0),(141,NULL,100,50,57.5,'2022-02-17 14:34:20',0,0,0,57.5,NULL,NULL,0,1,7.5,1,NULL,NULL,NULL,0,0,0,NULL,0),(142,NULL,100,50,57.5,'2022-02-17 14:35:32',0,0,0,57.5,NULL,NULL,0,1,7.5,1,NULL,NULL,NULL,0,0,0,NULL,0),(143,NULL,100,50,57.5,'2022-02-17 14:38:31',0,0,0,57.5,NULL,NULL,0,1,7.5,1,NULL,NULL,NULL,0,0,0,NULL,0),(144,NULL,100,50,57.5,'2022-02-17 15:54:17',0,0,0,57.5,NULL,NULL,0,1,7.5,1,NULL,NULL,NULL,0,0,0,NULL,0),(145,NULL,20,0,23,'2022-02-17 16:41:56',0,0,0,23,NULL,NULL,0,1,3,1,NULL,NULL,NULL,0,0,0,NULL,0),(146,NULL,20,50,11.5,'2022-02-17 16:42:28',0,0,0,11.5,NULL,NULL,0,1,1.5,1,NULL,NULL,NULL,0,0,0,NULL,0),(147,NULL,20,50,11.5,'2022-02-17 16:42:35',0,0,0,11.5,NULL,NULL,0,1,1.5,1,NULL,NULL,NULL,0,0,0,NULL,0),(148,NULL,20,50,11.5,'2022-02-17 16:43:19',0,0,0,11.5,NULL,NULL,0,1,1.5,1,NULL,NULL,NULL,0,0,0,NULL,1),(149,NULL,20,50,11.5,'2022-02-17 20:39:10',0,0,0,11.5,NULL,NULL,0,1,1.5,1,NULL,NULL,NULL,0,0,0,NULL,0),(150,NULL,20,50,11.5,'2022-02-17 20:39:22',0,0,0,11.5,NULL,NULL,0,1,1.5,1,NULL,NULL,NULL,0,0,0,NULL,0),(151,NULL,20,50,11.5,'2022-02-17 20:39:26',0,0,0,11.5,NULL,NULL,0,1,1.5,1,NULL,NULL,NULL,0,0,0,NULL,0),(152,NULL,20,50,11.5,'2022-02-17 20:39:35',0,0,0,11.5,NULL,NULL,0,1,1.5,1,NULL,NULL,NULL,0,0,0,NULL,0),(153,NULL,100,50,57.5,'2022-02-17 20:39:57',0,0,0,57.5,NULL,NULL,0,1,7.5,1,NULL,NULL,NULL,0,0,0,NULL,0),(154,NULL,100,0,115,'2022-02-17 20:40:05',0,0,0,115,NULL,NULL,0,1,15,1,NULL,NULL,NULL,0,0,0,NULL,0),(155,NULL,100,50,57.5,'2022-02-17 20:40:20',0,0,0,57.5,NULL,NULL,0,1,7.5,1,NULL,NULL,NULL,0,0,0,NULL,0),(156,NULL,100,50,57.5,'2022-02-17 20:41:18',0,0,0,57.5,NULL,NULL,0,1,7.5,1,NULL,NULL,NULL,0,0,0,NULL,0),(157,NULL,100,50,57.5,'2022-02-17 20:41:56',0,0,0,57.5,NULL,NULL,0,1,7.5,1,NULL,NULL,NULL,0,0,0,NULL,0),(158,NULL,100,50,57.5,'2022-02-17 20:51:30',0,0,0,57.5,NULL,NULL,0,1,7.5,1,NULL,NULL,NULL,0,0,0,NULL,0),(159,NULL,100,50,57.5,'2022-02-17 20:52:19',0,0,0,57.5,NULL,NULL,0,1,7.5,1,NULL,NULL,NULL,0,0,0,NULL,0),(160,NULL,100,0,115,'2022-02-17 20:52:33',0,0,0,115,NULL,NULL,0,1,15,1,NULL,NULL,NULL,0,0,0,NULL,0),(161,NULL,100,50,57.5,'2022-02-17 20:52:58',0,0,0,57.5,NULL,NULL,0,1,7.5,1,NULL,NULL,NULL,0,0,0,NULL,0),(162,NULL,100,50,57.5,'2022-02-17 20:53:17',0,0,0,57.5,NULL,NULL,0,1,7.5,1,NULL,NULL,NULL,0,0,0,NULL,0),(163,NULL,100,50,57.5,'2022-02-17 20:55:19',0,0,0,57.5,NULL,NULL,0,1,7.5,1,NULL,NULL,NULL,0,0,0,NULL,0),(164,NULL,100,50,57.5,'2022-02-17 20:56:43',0,0,0,57.5,NULL,NULL,0,1,7.5,1,NULL,NULL,NULL,0,0,0,NULL,0),(165,NULL,100,50,57.5,'2022-02-17 20:57:49',0,0,0,57.5,NULL,NULL,0,1,7.5,1,NULL,NULL,NULL,0,0,0,NULL,0),(166,NULL,200,50,115,'2022-02-17 21:00:40',0,0,0,115,NULL,NULL,0,1,15,1,NULL,NULL,NULL,0,0,0,NULL,0),(167,NULL,100,50,57.5,'2022-02-17 21:13:42',0,0,0,57.5,NULL,NULL,0,1,7.5,1,NULL,NULL,NULL,0,0,0,NULL,0),(168,NULL,100,50,57.5,'2022-02-17 21:15:16',0,0,0,57.5,NULL,NULL,0,1,7.5,1,NULL,NULL,NULL,0,0,0,NULL,0),(169,NULL,100,50,57.5,'2022-02-17 21:15:30',0,0,0,57.5,NULL,NULL,0,1,7.5,1,NULL,NULL,NULL,0,0,0,NULL,0),(170,NULL,100,0,115,'2022-02-17 21:16:16',0,0,0,115,NULL,NULL,0,1,15,1,NULL,NULL,NULL,0,0,0,NULL,0),(171,NULL,240,0,276,'2022-02-17 21:16:29',0,0,0,276,NULL,NULL,0,1,36,1,NULL,NULL,NULL,0,0,0,NULL,0),(172,NULL,240,0,276,'2022-02-17 21:16:41',0,0,0,276,NULL,NULL,0,1,36,1,NULL,NULL,NULL,0,0,0,NULL,0),(173,NULL,100,50,57.5,'2022-02-17 21:16:45',0,0,0,57.5,NULL,NULL,0,1,7.5,1,NULL,NULL,NULL,0,0,0,NULL,0),(174,NULL,100,0,115,'2022-02-17 21:16:56',0,0,0,115,NULL,NULL,0,1,15,1,NULL,NULL,NULL,0,0,0,NULL,0),(175,NULL,250,0,287.5,'2022-02-18 13:06:29',0,0,0,287.5,NULL,NULL,0,1,37.5,1,NULL,NULL,NULL,0,0,0,NULL,0),(176,NULL,10.5,0,12.07,'2022-02-18 13:09:26',0,0,0,12.07,NULL,NULL,0,1,1.57,1,NULL,NULL,NULL,0,0,0,NULL,0),(177,NULL,20,0,23,'2022-02-18 13:22:38',0,0,0,23,NULL,NULL,0,1,3,1,NULL,NULL,NULL,0,0,0,NULL,0),(178,NULL,20,0,23,'2022-02-18 13:23:11',0,0,0,23,NULL,NULL,0,1,3,1,NULL,NULL,NULL,0,0,0,NULL,0),(179,NULL,100,0,115,'2022-02-18 13:23:17',0,0,0,115,NULL,NULL,0,1,15,1,NULL,NULL,NULL,0,0,0,NULL,0),(180,NULL,100,50,57.5,'2022-02-18 13:24:11',0,0,0,57.5,NULL,NULL,0,1,7.5,1,NULL,NULL,NULL,0,0,0,NULL,0),(181,NULL,100,50,57.5,'2022-02-18 13:24:46',0,0,0,57.5,NULL,NULL,0,1,7.5,1,NULL,NULL,NULL,0,0,0,NULL,0),(182,NULL,100,0,115,'2022-02-18 13:25:03',0,0,0,115,NULL,NULL,0,1,15,1,NULL,NULL,NULL,0,0,0,NULL,0),(183,NULL,100,0,115,'2022-02-18 13:25:40',0,0,0,115,NULL,NULL,0,1,15,1,NULL,NULL,NULL,0,0,0,NULL,0),(184,NULL,420,0,483,'2022-02-18 15:14:39',0,0,0,483,NULL,NULL,0,1,63,1,NULL,NULL,NULL,0,0,0,NULL,0),(185,NULL,400,50,230,'2022-02-18 15:14:45',0,0,0,230,NULL,NULL,0,1,30,1,NULL,NULL,NULL,0,0,0,NULL,0),(186,NULL,12,0,13.8,'2022-02-18 15:16:03',0,0,0,13.8,NULL,NULL,0,1,1.8,1,NULL,NULL,NULL,0,0,0,NULL,0),(187,NULL,25,50,14.38,'2022-02-18 16:33:40',0,0,0,14.38,NULL,NULL,0,1,1.88,1,NULL,NULL,NULL,0,0,0,NULL,0),(188,NULL,20,50,11.5,'2022-02-18 18:52:08',0,0,0,11.5,NULL,NULL,0,1,1.5,1,NULL,NULL,NULL,0,0,0,NULL,0),(189,NULL,25,50,14.38,'2022-02-18 18:52:16',0,0,0,14.38,NULL,NULL,0,1,1.88,1,NULL,NULL,NULL,0,0,0,NULL,0),(190,NULL,100,0,115,'2022-02-18 18:55:36',0,0,0,115,NULL,NULL,0,1,15,1,NULL,NULL,NULL,0,0,0,NULL,0),(191,NULL,100,0,115,'2022-02-18 18:56:21',0,0,0,115,NULL,NULL,0,1,15,1,NULL,NULL,NULL,0,0,0,NULL,0),(192,NULL,200,0,230,'2022-02-18 18:59:19',0,0,0,230,NULL,NULL,0,1,30,1,NULL,NULL,NULL,0,0,0,NULL,0),(193,NULL,125,0,143.75,'2022-02-18 19:12:41',0,0,0,143.75,NULL,NULL,0,1,18.75,1,NULL,NULL,NULL,0,0,0,NULL,0),(194,NULL,100,50,57.5,'2022-02-18 19:27:28',0,0,0,57.5,NULL,NULL,0,1,7.5,1,NULL,NULL,NULL,0,0,0,NULL,0),(195,NULL,625,0,718.75,'2022-02-18 19:40:55',0,0,0,718.75,NULL,NULL,0,1,93.75,1,NULL,NULL,NULL,0,0,0,NULL,0),(196,NULL,625,0,718.75,'2022-02-18 19:51:50',0,0,0,718.75,NULL,NULL,0,1,93.75,1,NULL,NULL,NULL,0,0,0,NULL,0),(197,NULL,100,50,57.5,'2022-02-18 21:46:29',0,0,0,57.5,NULL,NULL,0,1,7.5,1,NULL,NULL,NULL,0,0,0,NULL,0),(198,NULL,100,0,115,'2022-02-18 21:47:05',0,0,0,115,NULL,NULL,0,1,15,1,NULL,NULL,NULL,0,0,0,NULL,0),(199,NULL,100,0,115,'2022-02-18 21:47:36',0,0,0,115,NULL,NULL,0,1,15,1,NULL,NULL,NULL,0,0,0,NULL,0),(200,NULL,100,50,57.5,'2022-02-18 21:49:20',0,0,0,57.5,NULL,NULL,0,1,7.5,1,NULL,NULL,NULL,0,0,0,NULL,0),(201,NULL,100,0,115,'2022-02-18 21:50:26',0,0,0,115,NULL,NULL,0,1,15,1,NULL,NULL,NULL,0,0,0,NULL,0),(202,NULL,100,50,57.5,'2022-02-18 21:51:52',0,0,0,57.5,NULL,NULL,0,1,7.5,1,NULL,NULL,NULL,0,0,0,NULL,0),(203,NULL,100,50,57.5,'2022-02-18 21:51:58',0,0,0,57.5,NULL,NULL,0,1,7.5,1,NULL,NULL,NULL,0,0,0,NULL,0),(204,NULL,100,50,57.5,'2022-02-18 21:52:45',0,0,0,57.5,NULL,NULL,0,1,7.5,1,NULL,NULL,NULL,0,0,0,NULL,0),(205,NULL,100,50,57.5,'2022-02-18 21:52:52',0,0,0,57.5,NULL,NULL,0,1,7.5,1,NULL,NULL,NULL,0,0,0,NULL,0),(206,NULL,100,50,57.5,'2022-02-18 21:53:38',0,0,0,57.5,NULL,NULL,0,1,7.5,1,NULL,NULL,NULL,0,0,0,NULL,0),(207,NULL,100,50,57.5,'2022-02-18 21:54:06',0,0,0,57.5,NULL,NULL,0,1,7.5,1,NULL,NULL,NULL,0,0,0,NULL,0),(208,NULL,100,50,57.5,'2022-02-18 21:54:59',0,0,0,57.5,NULL,NULL,0,1,7.5,1,NULL,NULL,NULL,0,0,0,NULL,0),(209,NULL,100,0,115,'2022-02-18 21:56:47',0,0,0,115,NULL,NULL,0,1,15,1,NULL,NULL,NULL,0,0,0,NULL,0),(210,NULL,100,0,115,'2022-02-18 21:58:27',0,0,0,115,NULL,NULL,0,1,15,1,NULL,NULL,NULL,0,0,0,NULL,0),(211,NULL,100,0,115,'2022-02-18 21:59:11',0,0,0,115,NULL,NULL,0,1,15,1,NULL,NULL,NULL,0,0,0,NULL,0),(212,NULL,100,50,57.5,'2022-02-18 21:59:16',0,0,0,57.5,NULL,NULL,0,1,7.5,1,NULL,NULL,NULL,0,0,0,NULL,0),(213,NULL,100,50,57.5,'2022-02-18 21:59:46',0,0,0,57.5,NULL,NULL,0,1,7.5,1,NULL,NULL,NULL,0,0,0,NULL,0),(214,NULL,100,50,57.5,'2022-02-18 22:00:11',0,0,0,57.5,NULL,NULL,0,1,7.5,1,NULL,NULL,NULL,0,0,0,NULL,0),(215,NULL,100,50,57.5,'2022-02-18 22:02:07',0,0,0,57.5,NULL,NULL,0,1,7.5,1,NULL,NULL,NULL,0,0,0,NULL,0),(216,NULL,100,50,57.5,'2022-02-18 22:02:18',0,0,0,57.5,NULL,NULL,0,1,7.5,1,NULL,NULL,NULL,0,0,0,NULL,0),(217,NULL,100,50,57.5,'2022-02-18 22:06:30',0,0,0,57.5,NULL,NULL,0,1,7.5,2,NULL,NULL,NULL,0,0,0,NULL,0),(218,NULL,100,50,57.5,'2022-02-18 22:06:39',0,0,0,57.5,NULL,NULL,0,1,7.5,2,NULL,NULL,NULL,0,0,0,NULL,0),(219,NULL,100,50,57.5,'2022-02-18 22:07:36',0,0,7.5,50,NULL,NULL,0,1,7.5,2,NULL,NULL,NULL,0,0,0,NULL,0),(220,NULL,100,50,57.5,'2022-02-18 22:08:15',0,0,7.5,50,NULL,NULL,0,1,7.5,2,NULL,NULL,NULL,0,0,0,NULL,0),(221,NULL,100,0,115,'2022-02-19 13:03:14',0,0,0,115,NULL,NULL,0,1,15,1,NULL,NULL,NULL,0,0,0,NULL,0),(222,1,100,0,115,'2022-02-19 13:07:04',0,0,115,0,NULL,NULL,0,1,15,3,NULL,NULL,NULL,0,0,0,NULL,0),(223,1,100,50,57.5,'2022-02-19 13:07:41',0,0,57.5,0,NULL,NULL,0,1,7.5,3,NULL,NULL,NULL,0,0,0,NULL,0),(224,1,100,50,57.5,'2022-02-19 13:08:40',0,0,57.5,0,NULL,NULL,0,1,7.5,3,NULL,NULL,NULL,0,0,0,NULL,0),(225,NULL,100,50,57.5,'2022-02-19 13:08:58',0,0,0,57.5,NULL,NULL,0,1,7.5,2,NULL,NULL,NULL,0,0,0,NULL,0),(226,NULL,100,50,57.5,'2022-02-19 13:10:55',0,0,0,57.5,NULL,NULL,0,1,7.5,2,NULL,NULL,NULL,0,0,0,NULL,0),(227,NULL,100,50,57.5,'2022-02-19 13:11:30',0,0,0,57.5,NULL,NULL,0,1,7.5,2,NULL,NULL,NULL,0,0,0,NULL,0),(228,NULL,100,50,57.5,'2022-02-19 13:12:33',0,0,0,57.5,NULL,NULL,0,1,7.5,2,NULL,NULL,NULL,0,0,0,NULL,0),(229,1,100,50,57.5,'2022-02-19 13:14:28',0,0,57.5,0,NULL,NULL,0,1,7.5,1,NULL,NULL,NULL,0,0,0,NULL,0),(230,1,300,50,172.5,'2022-02-19 13:15:22',0,0,172.5,0,NULL,NULL,0,1,22.5,3,NULL,NULL,NULL,0,0,0,NULL,0),(231,NULL,200,0,230,'2022-02-19 13:15:47',0,0,0,230,NULL,NULL,0,1,30,2,NULL,NULL,NULL,0,0,0,NULL,0),(232,NULL,100,50,57.5,'2022-02-19 13:16:13',0,0,0,57.5,NULL,NULL,0,1,7.5,2,NULL,NULL,NULL,0,0,0,NULL,0),(233,NULL,100,50,57.5,'2022-02-19 13:16:36',0,0,0,57.5,NULL,NULL,0,1,7.5,2,NULL,NULL,NULL,0,0,0,NULL,0),(234,NULL,100,50,57.5,'2022-02-19 13:18:33',0,0,0,57.5,NULL,NULL,0,1,7.5,2,NULL,NULL,NULL,0,0,0,NULL,0),(235,NULL,100,0,115,'2022-02-19 13:19:40',0,0,0,115,NULL,NULL,0,1,15,1,NULL,NULL,NULL,0,0,0,NULL,0),(236,NULL,100,50,57.5,'2022-02-19 13:19:50',0,0,0,57.5,NULL,NULL,0,1,7.5,2,NULL,NULL,NULL,0,0,0,NULL,0),(237,1,20,50,11.5,'2022-02-19 13:40:21',0,0,11.5,0,NULL,NULL,0,1,1.5,3,NULL,NULL,NULL,0,0,0,NULL,0),(238,1,20,50,11.5,'2022-02-19 13:40:28',0,0,11.5,0,NULL,NULL,0,1,1.5,3,NULL,NULL,NULL,0,0,0,NULL,0),(239,1,20,50,11.5,'2022-02-19 13:41:27',0,0,11.5,0,NULL,NULL,0,1,1.5,3,NULL,NULL,NULL,0,0,0,NULL,0),(240,1,100,50,57.5,'2022-02-19 13:41:48',0,0,57.5,0,NULL,NULL,0,1,7.5,3,NULL,NULL,NULL,0,0,0,NULL,0),(241,NULL,100,50,57.5,'2022-02-19 13:58:21',0,0,0,57.5,NULL,NULL,0,1,7.5,1,NULL,NULL,NULL,0,0,0,NULL,0),(242,NULL,200,0,230,'2022-02-19 14:02:25',0,0,0,230,NULL,NULL,0,1,30,1,NULL,NULL,NULL,0,0,0,NULL,0),(243,NULL,100,0,115,'2022-02-19 14:02:57',0,0,0,115,NULL,NULL,0,1,15,1,NULL,NULL,NULL,0,0,0,NULL,0),(244,1,100,50,57.5,'2022-02-19 14:24:57',0,0,57.5,0,NULL,NULL,0,1,7.5,3,NULL,NULL,NULL,0,0,0,NULL,0),(245,NULL,100,50,57.5,'2022-02-19 14:25:37',0,0,0,57.5,NULL,NULL,0,1,7.5,1,NULL,NULL,NULL,0,0,0,NULL,0),(246,NULL,100,0,115,'2022-02-19 14:27:02',0,0,0,115,NULL,NULL,0,1,15,1,NULL,NULL,NULL,0,0,0,NULL,0),(247,NULL,100,50,57.5,'2022-02-19 14:27:23',0,0,0,57.5,NULL,NULL,0,1,7.5,1,NULL,NULL,NULL,0,0,0,NULL,0),(248,NULL,100,0,115,'2022-02-19 14:31:19',0,0,0,115,NULL,NULL,0,1,15,1,NULL,NULL,NULL,0,0,0,NULL,0),(249,NULL,550.5,0,633.08,'2022-02-19 17:34:31',0,0,0,633.08,NULL,NULL,0,1,82.58,1,NULL,NULL,NULL,0,0,0,NULL,0),(250,NULL,200,50,172.5,'2022-02-19 18:12:45',0,0,0,172.5,NULL,NULL,0,1,22.5,1,NULL,NULL,NULL,0,0,0,NULL,0),(251,NULL,100,0,115,'2022-02-20 13:04:21',0,0,0,115,NULL,NULL,0,1,15,1,NULL,NULL,NULL,0,0,0,NULL,0),(252,NULL,10000,0,11500,'2022-02-20 13:57:27',0,0,0,11500,NULL,NULL,0,1,1500,1,NULL,NULL,NULL,0,0,0,NULL,0),(253,NULL,1000,0,1150,'2022-02-20 13:58:00',0,0,0,1150,NULL,NULL,0,1,150,1,NULL,NULL,NULL,0,0,0,NULL,0),(254,NULL,1000,0,1150,'2022-02-20 14:01:46',0,0,0,1150,NULL,NULL,0,1,150,1,NULL,NULL,NULL,0,0,0,NULL,0),(255,NULL,1000,0,1150,'2022-02-20 14:02:07',0,0,0,1150,NULL,NULL,0,1,150,1,NULL,NULL,NULL,0,0,0,NULL,0),(256,NULL,100,0,115,'2022-02-20 14:16:39',0,0,0,115,NULL,NULL,0,1,15,1,NULL,NULL,NULL,0,0,0,NULL,0),(257,NULL,100,0,115,'2022-02-20 14:18:07',0,0,0,115,NULL,NULL,0,1,15,1,NULL,NULL,NULL,0,0,0,NULL,0),(258,NULL,100,0,115,'2022-02-20 14:18:41',0,0,0,115,NULL,NULL,0,1,15,1,NULL,NULL,NULL,0,0,0,NULL,0),(259,NULL,100,0,115,'2022-02-20 14:21:15',0,0,0,115,NULL,NULL,0,1,15,2,NULL,NULL,NULL,0,0,0,NULL,0),(260,1,100,10,103.5,'2022-02-20 14:22:05',0,0,103.5,0,NULL,NULL,0,1,13.5,3,NULL,NULL,NULL,0,0,0,NULL,0),(261,NULL,242.5,0,278.88,'2022-02-21 20:17:45',0,0,0,278.88,NULL,NULL,0,1,36.38,1,NULL,NULL,NULL,0,0,0,NULL,0),(262,NULL,242.5,0,278.88,'2022-02-21 20:18:57',0,0,0,278.88,NULL,NULL,0,1,36.38,1,NULL,NULL,NULL,0,0,0,NULL,0),(263,NULL,200,0,230,'2022-02-21 20:19:05',0,0,0,230,NULL,NULL,0,1,30,1,NULL,NULL,NULL,0,0,0,NULL,0),(264,NULL,200,0,230,'2022-02-21 20:21:26',0,0,0,230,NULL,NULL,0,1,30,1,NULL,NULL,NULL,0,0,0,NULL,0),(265,NULL,200,0,230,'2022-02-21 20:21:38',0,0,0,230,NULL,NULL,0,1,30,1,NULL,NULL,NULL,0,0,0,NULL,1),(266,NULL,20,0,23,'2022-02-21 20:22:58',0,0,0,23,NULL,NULL,0,1,3,1,NULL,NULL,NULL,0,0,0,NULL,1),(267,NULL,200,0,230,'2022-02-21 20:23:44',0,0,0,230,NULL,NULL,0,1,30,1,NULL,NULL,NULL,0,0,0,NULL,1),(268,NULL,250.5,0,288.07,'2022-02-21 20:46:18',0,0,0,288.07,NULL,NULL,0,1,37.58,1,NULL,NULL,NULL,0,0,0,NULL,0),(269,NULL,110,50,63.25,'2022-02-24 18:29:50',0,0,0,63.25,NULL,NULL,0,1,8.25,1,NULL,NULL,NULL,0,0,0,NULL,1);
/*!40000 ALTER TABLE `bills` ENABLE KEYS */;
UNLOCK TABLES;

--
-- Table structure for table `currencies`
--

DROP TABLE IF EXISTS `currencies`;
/*!40101 SET @saved_cs_client     = @@character_set_client */;
/*!40101 SET character_set_client = utf8 */;
CREATE TABLE `currencies` (
  `id` int(11) NOT NULL AUTO_INCREMENT,
  `currency_ar` varchar(45) DEFAULT NULL,
  `currency_en` varchar(45) DEFAULT NULL,
  PRIMARY KEY (`id`)
) ENGINE=InnoDB AUTO_INCREMENT=10 DEFAULT CHARSET=utf8;
/*!40101 SET character_set_client = @saved_cs_client */;

--
-- Dumping data for table `currencies`
--

LOCK TABLES `currencies` WRITE;
/*!40000 ALTER TABLE `currencies` DISABLE KEYS */;
INSERT INTO `currencies` VALUES (1,'ريال','Riyal'),(2,'دينار','Dinar'),(3,'درهم','Derham'),(4,'جنية','Pound'),(5,'دولار','Dollar'),(6,'يورو','Euro'),(7,'فلس','Fels'),(8,'شيلينغ','Shilling'),(9,'هللة','Halala');
/*!40000 ALTER TABLE `currencies` ENABLE KEYS */;
UNLOCK TABLES;

--
-- Table structure for table `customer_pay`
--

DROP TABLE IF EXISTS `customer_pay`;
/*!40101 SET @saved_cs_client     = @@character_set_client */;
/*!40101 SET character_set_client = utf8 */;
CREATE TABLE `customer_pay` (
  `customer_cash_id` bigint(20) NOT NULL AUTO_INCREMENT,
  `paid_value` double DEFAULT NULL,
  `paid_date` datetime DEFAULT NULL,
  `cust_id` bigint(20) DEFAULT NULL,
  `user_id` int(11) DEFAULT NULL,
  `pay_method` int(11) DEFAULT '0',
  `cust_after_after` double DEFAULT NULL,
  `cust_balance_before` double DEFAULT NULL,
  `is_pay` tinyint(1) DEFAULT NULL,
  `note` varchar(255) DEFAULT NULL,
  PRIMARY KEY (`customer_cash_id`),
  KEY `for_cust_id_idx` (`cust_id`),
  KEY `for_user_id_idx` (`user_id`),
  CONSTRAINT `for_cust_id` FOREIGN KEY (`cust_id`) REFERENCES `customers` (`cust_id`) ON DELETE NO ACTION ON UPDATE NO ACTION,
  CONSTRAINT `for_user_id` FOREIGN KEY (`user_id`) REFERENCES `users` (`id`) ON DELETE NO ACTION ON UPDATE NO ACTION
) ENGINE=InnoDB AUTO_INCREMENT=150 DEFAULT CHARSET=utf8;
/*!40101 SET character_set_client = @saved_cs_client */;

--
-- Dumping data for table `customer_pay`
--

LOCK TABLES `customer_pay` WRITE;
/*!40000 ALTER TABLE `customer_pay` DISABLE KEYS */;
INSERT INTO `customer_pay` VALUES (3,1000,'2021-12-11 23:36:55',1,1,1,-709.6,290.4,1,NULL),(4,100,'2021-12-11 23:38:08',1,1,1,-809.6,-709.6,1,NULL),(5,11,'2021-12-11 23:39:51',1,1,1,-820.6,-809.6,1,NULL),(6,10000,'2021-12-11 23:40:11',1,1,1,-10820.6,-820.6,1,NULL),(7,10000,'2021-12-11 23:41:47',1,1,1,-20820.6,-10820.6,1,NULL),(8,20820.6,'2021-12-12 00:25:05',1,1,1,0,-20820.6,0,NULL),(9,20820.6,'2021-12-12 00:25:13',1,1,1,20820.6,0,0,NULL),(10,10000,'2021-12-12 00:27:26',1,1,1,10820.6,20820.6,1,NULL),(11,100,'2021-12-12 00:37:56',1,1,1,55.61,0,1,'103'),(12,0,'2021-12-12 00:39:36',1,1,1,132.83,55.61,1,'فاتورة رقم 104'),(13,132.82999999999998,'2021-12-12 11:54:48',1,1,1,0,132.83,1,'توريد نقدية'),(14,100,'2021-12-12 11:55:32',1,1,1,-100,0,1,'توريد نقدية'),(15,23.4,'2021-12-12 22:15:22',1,1,1,-100,-100,1,'فاتورة رقم 113'),(16,23.4,'2021-12-12 22:15:55',1,1,1,-100,-100,1,'فاتورة رقم 114'),(17,35.1,'2021-12-12 22:16:27',1,1,1,-100,-100,1,'فاتورة رقم 115'),(18,23.4,'2021-12-12 22:18:23',1,1,1,-100,-100,1,'فاتورة رقم 116'),(19,64.35,'2021-12-12 22:20:43',1,1,1,-100,-100,1,'فاتورة رقم 117'),(20,64.35,'2021-12-12 22:21:34',1,1,1,-100,-100,1,'فاتورة رقم 118'),(21,64.35,'2021-12-12 22:23:32',1,1,1,-100,-100,1,'فاتورة رقم 119'),(22,175.5,'2021-12-12 22:23:51',1,1,1,-100,-100,1,'فاتورة رقم 120'),(23,64.35,'2021-12-12 22:25:04',1,1,1,-100,-100,1,'فاتورة رقم 121'),(24,1.46,'2021-12-12 22:25:27',1,1,1,-100,-100,1,'فاتورة رقم 122'),(25,23.4,'2021-12-12 22:26:54',1,1,1,-100,-100,1,'فاتورة رقم 123'),(26,64.35,'2021-12-12 22:27:51',1,1,1,-100,-100,1,'فاتورة رقم 124'),(27,64.35,'2021-12-12 22:28:31',1,1,1,-100,-100,1,'فاتورة رقم 126'),(28,64.35,'2021-12-12 22:30:04',1,1,1,-100,-100,1,'فاتورة رقم 129'),(29,35.1,'2021-12-12 22:30:48',1,1,1,-100,-100,1,'فاتورة رقم 130'),(30,175.5,'2021-12-12 22:31:19',1,1,1,-100,-100,1,'فاتورة رقم 131'),(31,35.1,'2021-12-12 22:31:56',1,1,1,-100,-100,1,'فاتورة رقم 132'),(32,23.4,'2021-12-12 22:33:37',1,1,1,-100,-100,1,'فاتورة رقم 133'),(33,64.35,'2021-12-12 22:33:51',1,1,1,-100,-100,1,'فاتورة رقم 134'),(34,23.4,'2021-12-12 22:34:24',1,1,1,-100,-100,1,'فاتورة رقم 135'),(35,23.4,'2021-12-12 22:35:01',1,1,1,-100,-100,1,'فاتورة رقم 136'),(36,64.35,'2021-12-12 22:35:39',1,1,1,-100,-100,1,'فاتورة رقم 137'),(37,23.4,'2021-12-12 22:37:05',1,1,1,-100,-100,1,'فاتورة رقم 138'),(38,24.86,'2021-12-12 22:37:29',1,1,1,-100,-100,1,'فاتورة رقم 139'),(39,64.35,'2021-12-12 22:37:56',1,1,1,-100,-100,1,'فاتورة رقم 140'),(40,23.4,'2021-12-12 22:38:38',1,1,1,-100,-100,1,'فاتورة رقم 141'),(41,46.8,'2021-12-12 22:39:46',1,1,1,-100,-100,1,'فاتورة رقم 142'),(42,23.4,'2021-12-12 22:40:03',1,1,1,-100,-100,1,'فاتورة رقم 143'),(43,23.4,'2021-12-12 22:40:41',1,1,1,-100,-100,1,'فاتورة رقم 144'),(44,23.4,'2021-12-12 22:40:59',1,1,1,-100,-100,1,'فاتورة رقم 145'),(45,23.4,'2021-12-12 22:41:15',1,1,1,-100,-100,1,'فاتورة رقم 146'),(46,59.67,'2021-12-12 22:41:37',1,1,1,-100,-100,1,'فاتورة رقم 147'),(47,35.1,'2021-12-12 22:42:03',1,1,1,-100,-100,1,'فاتورة رقم 148'),(48,11.7,'2021-12-12 22:43:56',1,1,1,-100,-100,1,'فاتورة رقم 149'),(49,70.2,'2021-12-12 22:46:55',1,1,1,-100,-100,1,'فاتورة رقم 150'),(50,47.97,'2021-12-12 22:49:59',1,1,1,-100,-100,1,'فاتورة رقم 151'),(51,23.4,'2021-12-12 22:52:45',1,1,1,-100,-100,1,'فاتورة رقم 152'),(52,23.4,'2021-12-12 22:53:28',1,1,1,-100,-100,1,'فاتورة رقم 154'),(53,23.4,'2021-12-12 23:53:06',1,1,1,-100,-100,1,'فاتورة رقم 155'),(54,58.5,'2021-12-13 13:07:02',1,1,1,-100,-100,1,'فاتورة رقم 157'),(55,561892689.05,'2021-12-14 10:01:14',1,1,1,-100,-100,1,'فاتورة رقم 189'),(56,31.05,'2021-12-16 00:47:01',1,1,1,-100,-100,1,'فاتورة رقم 4'),(57,93.15,'2021-12-16 12:40:40',1,1,1,-100,-100,1,'فاتورة رقم 12'),(58,31.05,'2021-12-16 15:43:31',1,1,1,-100,-100,1,'فاتورة رقم 13'),(59,0,'2021-12-17 01:01:14',2,1,1,1297.14,0,1,'فاتورة رقم 14'),(60,30.53,'2021-12-17 23:42:16',1,1,1,-100,-100,1,'فاتورة رقم 16'),(61,30.53,'2021-12-18 16:03:22',1,1,1,-100,-100,1,'فاتورة رقم 17'),(62,13.97,'2021-12-18 16:26:54',1,1,1,-100,-100,1,'فاتورة رقم 18'),(63,100,'2021-12-18 16:58:52',1,1,1,-200,-100,1,'توريد نقدية'),(64,11.38,'2021-12-18 19:54:45',1,1,1,-200,-200,1,'فاتورة رقم 19'),(65,30.53,'2021-12-18 19:55:16',1,1,1,-200,-200,1,'فاتورة رقم 20'),(66,30.53,'2021-12-18 19:56:29',1,1,1,-200,-200,1,'فاتورة رقم 21'),(67,1.04,'2021-12-18 21:30:39',1,1,1,-200,-200,1,'فاتورة رقم 22'),(68,30.53,'2021-12-18 21:32:03',1,1,1,-200,-200,1,'فاتورة رقم 23'),(69,30.53,'2021-12-18 21:33:33',1,1,1,-200,-200,1,'فاتورة رقم 26'),(70,30.53,'2021-12-18 21:36:38',1,1,1,-200,-200,1,'فاتورة رقم 28'),(71,33.92,'2021-12-18 21:36:56',2,1,1,1297.14,1297.14,1,'فاتورة رقم 29'),(72,33.92,'2021-12-18 21:38:11',2,1,1,1297.14,1297.14,1,'فاتورة رقم 30'),(73,115.29,'2021-12-20 16:14:05',1,1,1,-200,-200,1,'فاتورة رقم 34'),(74,31.63,'2021-12-22 16:24:58',1,1,1,-200,-200,1,'فاتورة رقم 35'),(75,31.63,'2021-12-22 16:25:26',1,1,1,-200,-200,1,'فاتورة رقم 36'),(76,31.63,'2021-12-22 16:26:29',1,1,1,-200,-200,1,'فاتورة رقم 37'),(77,43.13,'2021-12-22 16:26:56',1,1,1,-200,-200,1,'فاتورة رقم 38'),(78,45.42,'2021-12-22 16:27:09',1,1,1,-200,-200,1,'فاتورة رقم 39'),(79,31.63,'2021-12-22 16:27:48',1,1,1,-200,-200,1,'فاتورة رقم 40'),(80,43.13,'2021-12-22 16:28:22',1,1,1,-200,-200,1,'فاتورة رقم 41'),(81,31.63,'2021-12-22 16:29:05',1,1,1,-200,-200,1,'فاتورة رقم 42'),(82,33.92,'2021-12-22 16:29:13',1,1,1,-200,-200,1,'فاتورة رقم 43'),(83,31.63,'2021-12-22 16:29:33',2,1,1,1297.14,1297.14,1,'فاتورة رقم 44'),(84,31.63,'2021-12-22 16:30:28',2,1,1,1297.14,1297.14,1,'فاتورة رقم 45'),(85,31.63,'2021-12-22 16:31:40',2,1,1,1297.14,1297.14,1,'فاتورة رقم 46'),(86,31.63,'2021-12-22 16:32:00',1,1,1,-200,-200,1,'فاتورة رقم 47'),(87,31.63,'2021-12-22 16:33:28',1,1,1,-200,-200,1,'فاتورة رقم 48'),(88,31.63,'2021-12-22 16:34:34',1,1,1,-200,-200,1,'فاتورة رقم 49'),(89,33.92,'2021-12-22 16:34:43',2,1,1,1297.14,1297.14,1,'فاتورة رقم 50'),(90,33.92,'2021-12-22 16:34:53',1,1,1,-200,-200,1,'فاتورة رقم 51'),(91,31.63,'2021-12-22 16:35:18',1,1,1,-200,-200,1,'فاتورة رقم 52'),(92,31.63,'2021-12-22 16:36:04',1,1,1,-200,-200,1,'فاتورة رقم 53'),(93,31.63,'2021-12-22 16:36:40',1,1,1,-200,-200,1,'فاتورة رقم 54'),(94,43.13,'2021-12-22 16:37:12',1,1,1,-200,-200,1,'فاتورة رقم 55'),(95,31.63,'2021-12-22 16:37:57',1,1,1,-200,-200,1,'فاتورة رقم 56'),(96,31.63,'2021-12-22 16:38:52',1,1,1,-200,-200,1,'فاتورة رقم 57'),(97,31.63,'2021-12-22 16:39:14',1,1,1,-200,-200,1,'فاتورة رقم 58'),(98,31.63,'2021-12-22 16:39:46',1,1,1,-200,-200,1,'فاتورة رقم 59'),(99,31.63,'2021-12-22 16:40:23',1,1,1,-200,-200,1,'فاتورة رقم 60'),(100,31.63,'2021-12-22 16:40:36',2,1,1,1297.14,1297.14,1,'فاتورة رقم 61'),(101,31.63,'2021-12-22 16:40:52',1,1,1,-200,-200,1,'فاتورة رقم 63'),(102,9.2,'2021-12-22 16:42:03',1,1,1,-200,-200,1,'فاتورة رقم 64'),(103,31.63,'2021-12-22 16:42:16',2,1,1,1297.14,1297.14,1,'فاتورة رقم 65'),(104,45.42,'2021-12-22 16:42:27',2,1,1,1297.14,1297.14,1,'فاتورة رقم 66'),(105,31.63,'2021-12-22 16:43:09',2,1,1,1297.14,1297.14,1,'فاتورة رقم 67'),(106,31.63,'2021-12-22 16:43:18',1,1,1,-200,-200,1,'فاتورة رقم 68'),(107,31.63,'2021-12-22 16:43:49',1,1,1,-200,-200,1,'فاتورة رقم 69'),(108,31.63,'2021-12-22 16:44:00',2,1,1,1297.14,1297.14,1,'فاتورة رقم 70'),(109,31.63,'2021-12-22 16:44:15',1,1,1,-200,-200,1,'فاتورة رقم 71'),(110,33.92,'2021-12-22 16:44:31',2,1,1,1297.14,1297.14,1,'فاتورة رقم 72'),(111,68.42,'2021-12-22 16:44:43',1,1,1,-200,-200,1,'فاتورة رقم 73'),(112,31.63,'2021-12-22 16:45:23',1,1,1,-200,-200,1,'فاتورة رقم 74'),(113,31.63,'2021-12-22 16:45:42',1,1,1,-200,-200,1,'فاتورة رقم 75'),(114,43.13,'2021-12-22 16:46:47',1,1,1,-200,-200,1,'فاتورة رقم 76'),(115,31.63,'2021-12-22 16:47:35',1,1,1,-200,-200,1,'فاتورة رقم 77'),(116,31.63,'2021-12-22 16:49:34',1,1,1,-200,-200,1,'فاتورة رقم 78'),(117,43.13,'2021-12-22 16:51:27',1,1,1,-200,-200,1,'فاتورة رقم 79'),(118,31.63,'2021-12-22 16:52:56',1,1,1,-200,-200,1,'فاتورة رقم 82'),(119,31.63,'2021-12-22 16:53:05',2,1,1,1297.14,1297.14,1,'فاتورة رقم 83'),(120,89.7,'2021-12-24 15:23:29',1,1,1,-200,-200,1,'فاتورة رقم 94'),(121,1.15,'2021-12-25 15:24:04',1,1,1,-200,-200,1,'فاتورة رقم 108'),(122,78.43,'2021-12-25 21:59:35',1,1,1,-200,-200,1,'فاتورة رقم 111'),(123,29.61,'2021-12-26 19:20:52',1,1,1,-200,-200,1,'فاتورة رقم 113'),(124,0.57,'2021-12-26 19:21:35',1,1,1,-200,-200,1,'فاتورة رقم 114'),(125,6.33,'2021-12-26 19:23:38',1,1,1,-200,-200,1,'فاتورة رقم 115'),(126,16.96,'2021-12-26 19:25:19',1,1,1,-200,-200,1,'فاتورة رقم 116'),(127,16.96,'2021-12-26 19:26:57',1,1,1,-200,-200,1,'فاتورة رقم 117'),(128,16.96,'2021-12-26 19:31:05',1,1,1,-200,-200,1,'فاتورة رقم 118'),(129,22.71,'2021-12-26 19:32:03',1,1,1,-200,-200,1,'فاتورة رقم 119'),(130,13.22,'2021-12-30 15:11:48',1,1,1,-200,-200,1,'فاتورة رقم 124'),(131,297,'2021-12-31 18:31:49',2,1,1,1000.14,1297.14,1,'توريد نقدية'),(132,17.25,'2022-01-08 16:13:50',1,1,1,-200,-200,1,'فاتورة رقم 127'),(133,0,'2022-02-19 13:07:04',1,1,1,-85,-200,1,'فاتورة رقم 222'),(134,0,'2022-02-19 13:07:41',1,1,1,-27.5,-85,1,'فاتورة رقم 223'),(135,0,'2022-02-19 13:08:40',1,1,1,30,-27.5,1,'فاتورة رقم 224'),(136,0,'2022-02-19 13:14:28',1,1,1,87.5,30,1,'فاتورة رقم 229'),(137,0,'2022-02-19 13:15:22',1,1,1,260,87.5,1,'فاتورة رقم 230'),(138,0,'2022-02-19 13:40:21',1,1,1,271.5,260,1,'فاتورة رقم 237'),(139,0,'2022-02-19 13:40:28',1,1,1,283,271.5,1,'فاتورة رقم 238'),(140,0,'2022-02-19 13:41:27',1,1,1,294.5,283,1,'فاتورة رقم 239'),(141,0,'2022-02-19 13:41:48',1,1,1,352,294.5,1,'فاتورة رقم 240'),(142,0,'2022-02-19 14:24:57',1,1,1,409.5,352,1,'فاتورة رقم 244'),(143,0,'2022-02-20 14:22:05',1,1,1,513,409.5,1,'فاتورة رقم 260'),(144,100,'2022-02-20 17:26:08',1,1,1,413,513,1,'توريد نقدية'),(145,100,'2022-02-20 17:26:34',1,1,1,513,413,0,'صرف نقدية'),(146,100,'2022-02-20 17:27:03',1,1,2,413,513,1,'توريد نقدية'),(147,100,'2022-02-20 17:27:22',1,1,2,513,413,0,'صرف نقدية'),(148,100,'2022-02-20 17:28:22',1,1,1,413,513,1,'توريد نقدية'),(149,100,'2022-02-20 17:30:06',1,1,1,313,413,1,'توريد نقدية');
/*!40000 ALTER TABLE `customer_pay` ENABLE KEYS */;
UNLOCK TABLES;

--
-- Table structure for table `customers`
--

DROP TABLE IF EXISTS `customers`;
/*!40101 SET @saved_cs_client     = @@character_set_client */;
/*!40101 SET character_set_client = utf8 */;
CREATE TABLE `customers` (
  `cust_id` bigint(20) NOT NULL AUTO_INCREMENT,
  `cust_name` varchar(50) DEFAULT NULL,
  `cust_mobile` varchar(25) DEFAULT NULL,
  `cust_address` varchar(50) DEFAULT NULL,
  `cust_balance` double DEFAULT NULL,
  `cust_discount_val` double DEFAULT '0',
  `cust_discount_percent` double DEFAULT '0',
  `active_customer` tinyint(1) DEFAULT '1',
  `pay_method` int(11) DEFAULT '0',
  `max_balance` double DEFAULT NULL,
  `cust_vat_num` varchar(50) DEFAULT NULL,
  PRIMARY KEY (`cust_id`)
) ENGINE=InnoDB AUTO_INCREMENT=3 DEFAULT CHARSET=utf8 COMMENT='Customers for laundry';
/*!40101 SET character_set_client = @saved_cs_client */;

--
-- Dumping data for table `customers`
--

LOCK TABLES `customers` WRITE;
/*!40000 ALTER TABLE `customers` DISABLE KEYS */;
INSERT INTO `customers` VALUES (1,'مصطفى','01002208627','أشمون منوفية',313,0,10,1,2,0,'121212'),(2,'aa1','01002208627a','1',1000.1400000000001,NULL,NULL,1,0,NULL,NULL);
/*!40000 ALTER TABLE `customers` ENABLE KEYS */;
UNLOCK TABLES;

--
-- Table structure for table `expenses`
--

DROP TABLE IF EXISTS `expenses`;
/*!40101 SET @saved_cs_client     = @@character_set_client */;
/*!40101 SET character_set_client = utf8 */;
CREATE TABLE `expenses` (
  `id` bigint(20) NOT NULL AUTO_INCREMENT,
  `expense_title` varchar(255) DEFAULT NULL,
  `expense_cost` double DEFAULT NULL,
  `expense_icon` varchar(255) DEFAULT NULL,
  `expense_date` date DEFAULT NULL,
  `user_id` int(11) DEFAULT NULL,
  PRIMARY KEY (`id`)
) ENGINE=InnoDB AUTO_INCREMENT=2 DEFAULT CHARSET=utf8;
/*!40101 SET character_set_client = @saved_cs_client */;

--
-- Dumping data for table `expenses`
--

LOCK TABLES `expenses` WRITE;
/*!40000 ALTER TABLE `expenses` DISABLE KEYS */;
INSERT INTO `expenses` VALUES (1,'1',1,'backend/expense/1640006740.jpeg','2021-12-30',NULL);
/*!40000 ALTER TABLE `expenses` ENABLE KEYS */;
UNLOCK TABLES;

--
-- Table structure for table `gusto_stocks`
--

DROP TABLE IF EXISTS `gusto_stocks`;
/*!40101 SET @saved_cs_client     = @@character_set_client */;
/*!40101 SET character_set_client = utf8 */;
CREATE TABLE `gusto_stocks` (
  `id` bigint(20) NOT NULL AUTO_INCREMENT,
  `title` varchar(255) DEFAULT NULL,
  `stock` double DEFAULT NULL,
  PRIMARY KEY (`id`)
) ENGINE=InnoDB AUTO_INCREMENT=5 DEFAULT CHARSET=utf8;
/*!40101 SET character_set_client = @saved_cs_client */;

--
-- Dumping data for table `gusto_stocks`
--

LOCK TABLES `gusto_stocks` WRITE;
/*!40000 ALTER TABLE `gusto_stocks` DISABLE KEYS */;
INSERT INTO `gusto_stocks` VALUES (2,'دجاج',-8660),(3,'رز',4000),(4,'سمك',5000);
/*!40000 ALTER TABLE `gusto_stocks` ENABLE KEYS */;
UNLOCK TABLES;

--
-- Table structure for table `gusto_type_stock`
--

DROP TABLE IF EXISTS `gusto_type_stock`;
/*!40101 SET @saved_cs_client     = @@character_set_client */;
/*!40101 SET character_set_client = utf8 */;
CREATE TABLE `gusto_type_stock` (
  `id` bigint(20) NOT NULL AUTO_INCREMENT,
  `type_id` bigint(20) DEFAULT NULL,
  `stock_id` bigint(20) DEFAULT NULL,
  `unit_id` int(11) DEFAULT NULL,
  `mount` double DEFAULT NULL,
  PRIMARY KEY (`id`),
  KEY `for_type_id_idx` (`type_id`),
  KEY `for_stoc_id_idx` (`stock_id`),
  KEY `for_op_id_idx` (`unit_id`),
  CONSTRAINT `for_op_id` FOREIGN KEY (`unit_id`) REFERENCES `units` (`unit_id`) ON DELETE NO ACTION ON UPDATE NO ACTION,
  CONSTRAINT `for_stoc_id` FOREIGN KEY (`stock_id`) REFERENCES `gusto_stocks` (`id`) ON DELETE NO ACTION ON UPDATE NO ACTION,
  CONSTRAINT `for_type_id` FOREIGN KEY (`type_id`) REFERENCES `types` (`type_id`) ON DELETE NO ACTION ON UPDATE NO ACTION
) ENGINE=InnoDB AUTO_INCREMENT=33 DEFAULT CHARSET=utf8;
/*!40101 SET character_set_client = @saved_cs_client */;

--
-- Dumping data for table `gusto_type_stock`
--

LOCK TABLES `gusto_type_stock` WRITE;
/*!40000 ALTER TABLE `gusto_type_stock` DISABLE KEYS */;
INSERT INTO `gusto_type_stock` VALUES (23,2,3,2,1),(25,4,3,4,1),(26,2,2,4,20),(27,2,3,4,100),(29,11,2,2,200),(30,4,3,5,1000),(31,2,4,3,50),(32,2,3,3,200);
/*!40000 ALTER TABLE `gusto_type_stock` ENABLE KEYS */;
UNLOCK TABLES;

--
-- Table structure for table `migrations`
--

DROP TABLE IF EXISTS `migrations`;
/*!40101 SET @saved_cs_client     = @@character_set_client */;
/*!40101 SET character_set_client = utf8 */;
CREATE TABLE `migrations` (
  `id` int(10) unsigned NOT NULL AUTO_INCREMENT,
  `migration` varchar(255) COLLATE utf8mb4_unicode_ci NOT NULL,
  `batch` int(11) NOT NULL,
  PRIMARY KEY (`id`)
) ENGINE=InnoDB DEFAULT CHARSET=utf8mb4 COLLATE=utf8mb4_unicode_ci;
/*!40101 SET character_set_client = @saved_cs_client */;

--
-- Dumping data for table `migrations`
--

LOCK TABLES `migrations` WRITE;
/*!40000 ALTER TABLE `migrations` DISABLE KEYS */;
/*!40000 ALTER TABLE `migrations` ENABLE KEYS */;
UNLOCK TABLES;

--
-- Table structure for table `mixins_cash`
--

DROP TABLE IF EXISTS `mixins_cash`;
/*!40101 SET @saved_cs_client     = @@character_set_client */;
/*!40101 SET character_set_client = utf8 */;
CREATE TABLE `mixins_cash` (
  `cash_id` bigint(11) NOT NULL AUTO_INCREMENT,
  `cash_sill_point` double DEFAULT NULL,
  `cash_drawer` double DEFAULT NULL,
  `cash_transfer` double DEFAULT NULL,
  `cash_remain` double DEFAULT NULL,
  `cash_later` double DEFAULT NULL,
  `cash_total` double DEFAULT NULL,
  `start_period` tinyint(1) DEFAULT NULL,
  `end_period` tinyint(1) DEFAULT NULL,
  `cash_end_date` datetime DEFAULT NULL,
  `cash_start_date` datetime DEFAULT NULL,
  `cash_current_user` int(11) DEFAULT NULL,
  `cash_recieve_user` int(11) DEFAULT NULL,
  `deficit_or_increase` double DEFAULT NULL,
  PRIMARY KEY (`cash_id`),
  KEY `curr_user_idx` (`cash_current_user`),
  KEY `re_user_idx` (`cash_recieve_user`),
  CONSTRAINT `curr_user` FOREIGN KEY (`cash_current_user`) REFERENCES `users` (`id`) ON DELETE NO ACTION ON UPDATE NO ACTION,
  CONSTRAINT `re_user` FOREIGN KEY (`cash_recieve_user`) REFERENCES `users` (`id`) ON DELETE NO ACTION ON UPDATE NO ACTION
) ENGINE=InnoDB AUTO_INCREMENT=28 DEFAULT CHARSET=utf8;
/*!40101 SET character_set_client = @saved_cs_client */;

--
-- Dumping data for table `mixins_cash`
--

LOCK TABLES `mixins_cash` WRITE;
/*!40000 ALTER TABLE `mixins_cash` DISABLE KEYS */;
INSERT INTO `mixins_cash` VALUES (26,793,700,700,0,0,0,1,1,'2021-08-04 11:39:16','2021-08-04 00:41:39',1,1,-93),(27,1080.85,0,0,0,410,0,1,0,NULL,'2021-08-04 11:39:16',1,1,0);
/*!40000 ALTER TABLE `mixins_cash` ENABLE KEYS */;
UNLOCK TABLES;

--
-- Table structure for table `mixins_info`
--

DROP TABLE IF EXISTS `mixins_info`;
/*!40101 SET @saved_cs_client     = @@character_set_client */;
/*!40101 SET character_set_client = utf8 */;
CREATE TABLE `mixins_info` (
  `id` int(11) NOT NULL AUTO_INCREMENT,
  `mixins_name` text,
  `mixins_adress` text,
  `mixins_mobile` text,
  `mixins_vat_val` text,
  `mixins_price_include_vat` tinyint(1) DEFAULT '1',
  `mixins_note` text,
  `main_mixins_store` int(11) DEFAULT NULL,
  `closure_hour` int(11) DEFAULT NULL,
  `mixins_logo` varchar(60) DEFAULT NULL,
  `mixins_mac_serial` varchar(255) DEFAULT NULL,
  `image_path` varchar(255) DEFAULT NULL,
  `render_bills` tinyint(1) DEFAULT '0',
  `render_new_bill` tinyint(1) DEFAULT '0',
  `render_bill_reports` tinyint(1) DEFAULT '0',
  `render_purchase_bills` tinyint(1) DEFAULT '0',
  `render_purchase_bills_reports` tinyint(1) DEFAULT '0',
  `render_withdraw_cash` tinyint(1) DEFAULT '0',
  `render_cash` tinyint(1) DEFAULT '0',
  `end_support_date` date DEFAULT NULL,
  `mixins_font_size` int(11) DEFAULT '15',
  `mixins_font_color` varchar(45) DEFAULT '#FFF',
  `default_lang` varchar(45) DEFAULT 'ar',
  `bill_with_main_type` tinyint(1) DEFAULT '0',
  `mixins_theme` int(11) DEFAULT '1',
  `render_en_names` tinyint(1) DEFAULT '0',
  `bill_type` tinyint(1) DEFAULT '0',
  `item_request_qty` int(11) DEFAULT NULL,
  `mixins_main_payment_method` int(11) DEFAULT '1',
  `bill_column_num` int(11) DEFAULT '3',
  `render_bill_img` tinyint(1) DEFAULT '1',
  `main_type_column_num` int(11) DEFAULT '2',
  `use_type_uints` tinyint(1) DEFAULT '1',
  `render_bill_note` tinyint(1) DEFAULT NULL,
  `render_types_note` tinyint(1) DEFAULT NULL,
  `render_bill_footer_note` tinyint(1) DEFAULT NULL,
  `partition_folder` varchar(45) DEFAULT 'E',
  `contruct_no` varchar(255) DEFAULT NULL,
  `render_cash_point` tinyint(1) DEFAULT '1',
  `logo_width` int(11) DEFAULT '250',
  `logo_height` int(11) DEFAULT '250',
  `type_discount` int(11) DEFAULT '0',
  `bill_discount` int(11) DEFAULT '0',
  `show_reset_btn` tinyint(1) DEFAULT '0',
  `active_type_offer` tinyint(1) DEFAULT NULL,
  `offer_start_date` date DEFAULT NULL,
  `offer_end_date` date DEFAULT NULL,
  `offer_value` int(11) DEFAULT '0',
  `offer_percenet` int(11) DEFAULT '0',
  `active_offer` tinyint(1) DEFAULT '0',
  `fixed_vat` tinyint(1) DEFAULT NULL,
  `process_bills` tinyint(1) DEFAULT '1',
  `currency` int(11) DEFAULT NULL,
  PRIMARY KEY (`id`)
) ENGINE=InnoDB AUTO_INCREMENT=3 DEFAULT CHARSET=utf8;
/*!40101 SET character_set_client = @saved_cs_client */;

--
-- Dumping data for table `mixins_info`
--

LOCK TABLES `mixins_info` WRITE;
/*!40000 ALTER TABLE `mixins_info` DISABLE KEYS */;
INSERT INTO `mixins_info` VALUES (1,'Gustoss','MNF','01002208627','15',0,NULL,2,16,'backend/mixins/1639696476.png','WD-WXF1A29L6XPL',NULL,NULL,1,NULL,NULL,NULL,NULL,NULL,'2021-12-16',20,'white','en',1,0,0,1,1,NULL,3,1,NULL,0,NULL,NULL,NULL,'E','123456789123456',1,NULL,0,0,0,0,0,'2021-12-19','2022-02-25',0,50,1,1,1,4),(2,'Mixins','Ashmoun','01002208627','15',1,'ملاحظـــــــــــــات',1,16,'mixins.jpeg','2036E4ADC90E',NULL,1,1,1,0,0,0,0,NULL,14,'black','ar',0,0,1,0,0,0,5,1,2,1,NULL,NULL,NULL,'E','2211',1,250,250,1,0,0,NULL,NULL,NULL,0,0,0,NULL,1,NULL);
/*!40000 ALTER TABLE `mixins_info` ENABLE KEYS */;
UNLOCK TABLES;

--
-- Table structure for table `mixins_item_request`
--

DROP TABLE IF EXISTS `mixins_item_request`;
/*!40101 SET @saved_cs_client     = @@character_set_client */;
/*!40101 SET character_set_client = utf8 */;
CREATE TABLE `mixins_item_request` (
  `mixins_item_request_id` int(11) NOT NULL AUTO_INCREMENT,
  `add_to_request` tinyint(1) DEFAULT '1',
  `type_request` bigint(20) DEFAULT NULL,
  `added_request_date` date DEFAULT NULL,
  PRIMARY KEY (`mixins_item_request_id`)
) ENGINE=InnoDB AUTO_INCREMENT=4 DEFAULT CHARSET=utf8;
/*!40101 SET character_set_client = @saved_cs_client */;

--
-- Dumping data for table `mixins_item_request`
--

LOCK TABLES `mixins_item_request` WRITE;
/*!40000 ALTER TABLE `mixins_item_request` DISABLE KEYS */;
INSERT INTO `mixins_item_request` VALUES (2,1,2,'2021-12-20'),(3,1,12100,'2021-12-23');
/*!40000 ALTER TABLE `mixins_item_request` ENABLE KEYS */;
UNLOCK TABLES;

--
-- Table structure for table `mixins_main_types`
--

DROP TABLE IF EXISTS `mixins_main_types`;
/*!40101 SET @saved_cs_client     = @@character_set_client */;
/*!40101 SET character_set_client = utf8 */;
CREATE TABLE `mixins_main_types` (
  `main_type_id` int(11) NOT NULL AUTO_INCREMENT,
  `main_type_title_ar` varchar(45) COLLATE utf8_unicode_ci DEFAULT NULL,
  `main_type_title_en` varchar(45) COLLATE utf8_unicode_ci DEFAULT NULL,
  PRIMARY KEY (`main_type_id`)
) ENGINE=InnoDB AUTO_INCREMENT=6 DEFAULT CHARSET=utf8 COLLATE=utf8_unicode_ci;
/*!40101 SET character_set_client = @saved_cs_client */;

--
-- Dumping data for table `mixins_main_types`
--

LOCK TABLES `mixins_main_types` WRITE;
/*!40000 ALTER TABLE `mixins_main_types` DISABLE KEYS */;
INSERT INTO `mixins_main_types` VALUES (1,'طعام','Foods'),(2,'مشروبات','Drinks'),(4,'مثلجات','Ice'),(5,'حلويات','Sweets');
/*!40000 ALTER TABLE `mixins_main_types` ENABLE KEYS */;
UNLOCK TABLES;

--
-- Table structure for table `mixins_purchase_bills`
--

DROP TABLE IF EXISTS `mixins_purchase_bills`;
/*!40101 SET @saved_cs_client     = @@character_set_client */;
/*!40101 SET character_set_client = utf8 */;
CREATE TABLE `mixins_purchase_bills` (
  `purchase_bill_no` bigint(20) NOT NULL AUTO_INCREMENT,
  `supplier_name` int(11) DEFAULT NULL,
  `bill_serial` varchar(45) DEFAULT NULL,
  `bill_sum` double DEFAULT NULL,
  `bill_discount` double DEFAULT NULL,
  `bill_extra` varchar(45) DEFAULT NULL,
  `bill_vat_val` double DEFAULT NULL,
  `bill_total` double DEFAULT NULL,
  `bill_paid_val` double DEFAULT NULL,
  `bill_remain_val` double DEFAULT NULL,
  `bill_paid_type` varchar(45) DEFAULT NULL,
  `bill_date` date DEFAULT NULL,
  `user_id` int(11) DEFAULT NULL,
  `mixins_purchase_billscol` double DEFAULT NULL,
  `bill_notes` text,
  `deleted_bill` tinyint(1) DEFAULT '0',
  `mixins_store` int(11) DEFAULT NULL,
  `purchase_img` varchar(45) DEFAULT NULL,
  PRIMARY KEY (`purchase_bill_no`)
) ENGINE=InnoDB AUTO_INCREMENT=56 DEFAULT CHARSET=utf8;
/*!40101 SET character_set_client = @saved_cs_client */;

--
-- Dumping data for table `mixins_purchase_bills`
--

LOCK TABLES `mixins_purchase_bills` WRITE;
/*!40000 ALTER TABLE `mixins_purchase_bills` DISABLE KEYS */;
INSERT INTO `mixins_purchase_bills` VALUES (1,1,'554',480,0,NULL,NULL,480,480,0,NULL,'2021-08-04',1,NULL,NULL,NULL,NULL,NULL),(2,1,'1025',200,0,NULL,NULL,200,200,0,NULL,'2021-08-04',1,NULL,NULL,NULL,NULL,NULL),(3,1,'eddsd',144,0,NULL,NULL,144,2,-142,'3','2021-08-06',1,NULL,NULL,NULL,3,NULL),(4,1,'wwww',88,0,NULL,NULL,88,0,-88,NULL,'2021-08-06',1,NULL,NULL,NULL,NULL,NULL),(5,1,'ewewwewe',144,2,NULL,NULL,142,0,-142,'3','2021-08-06',1,NULL,NULL,NULL,NULL,NULL),(6,1,'1222',96,0,NULL,NULL,96,96,0,NULL,'2021-08-06',1,NULL,NULL,NULL,3,NULL),(7,1,'sdaddsd',32,0,NULL,0,32,32,0,'0','2021-08-10',1,0,NULL,0,NULL,NULL),(8,1,'1222sss',24,0,NULL,0,24,24,0,'0','2021-08-10',1,0,NULL,0,NULL,NULL),(9,1,'dsdsds',32,0,NULL,0,32,32,0,'0','2021-08-10',1,0,NULL,0,NULL,NULL),(10,1,'dsdsdsds',48,0,NULL,0,48,48,0,'0','2021-08-10',1,0,NULL,0,3,NULL),(11,1,'1222dddd',32,0,NULL,0,32,32,0,'0','2021-08-10',1,0,NULL,0,NULL,NULL),(12,1,'1222hgf',40,0,NULL,0,40,40,0,'0','2021-08-10',1,0,NULL,0,2,NULL),(13,1,'1222kk',40,0,NULL,0,40,40,0,'0','2021-08-10',1,0,NULL,0,3,NULL),(14,1,'6281007027656',90,0,NULL,0,90,90,0,'0','2021-08-10',1,0,NULL,0,NULL,NULL),(15,1,'6281007027656d',54,0,NULL,0,54,54,0,'0','2021-08-10',1,0,NULL,0,NULL,NULL),(16,1,'6281007027656ss',108,0,NULL,0,108,108,0,'0','2021-08-10',1,0,NULL,0,1,NULL),(17,1,'6281007027656ssasa',342,0,NULL,0,342,342,0,'0','2021-08-10',1,0,NULL,0,NULL,NULL),(18,1,'1222ss',32,0,NULL,0,32,32,0,'0','2021-08-10',1,0,NULL,0,3,NULL),(19,1,'sasasasasa',32,0,NULL,0,32,32,0,'0','2021-08-10',1,0,NULL,0,2,NULL),(20,1,'ssasa',216,0,NULL,0,216,216,0,'0','2021-08-10',1,0,NULL,0,1,NULL),(21,1,'1222ssasa',72,0,NULL,0,72,72,0,'0','2021-08-10',1,0,NULL,0,3,NULL),(22,1,'1222aaq',8,0,NULL,0,8,8,0,'0','2021-08-10',1,0,NULL,0,3,NULL),(23,1,'1222sdww',40,0,NULL,0,40,40,0,'0','2021-08-10',1,0,NULL,0,3,NULL),(24,1,'6566s',48,0,NULL,0,48,48,0,'0','2021-08-10',1,0,NULL,0,2,NULL),(25,1,'1222fs',72,0,NULL,0,72,72,0,'0','2021-08-10',1,0,NULL,0,3,NULL),(26,1,'122254',48,0,NULL,0,48,48,0,'1','2021-08-11',1,0,NULL,0,2,NULL),(27,1,'12522',54.45,0,NULL,0,54.45,54.45,0,'0','2021-08-11',1,0,NULL,0,3,NULL),(28,1,NULL,378,0,NULL,0,378,378,0,'1','2021-12-11',1,NULL,NULL,0,NULL,NULL),(29,1,NULL,21,0,NULL,0,21,21,0,'1','2021-12-12',1,NULL,NULL,0,NULL,NULL),(30,1,NULL,1,0,NULL,0,1,1,0,'1','2021-12-14',1,NULL,NULL,0,NULL,NULL),(31,1,NULL,180,0,NULL,0,180,180,0,'1','2021-12-15',1,NULL,NULL,0,NULL,NULL),(32,1,NULL,180,0,NULL,0,180,180,0,'1','2021-12-15',1,NULL,NULL,0,NULL,NULL),(33,1,NULL,1000,0,NULL,0,1000,1000,0,'1','2021-12-15',1,NULL,NULL,0,NULL,NULL),(34,1,NULL,200,0,NULL,0,200,200,0,'1','2021-12-15',1,NULL,NULL,0,NULL,NULL),(35,1,NULL,200,0,NULL,0,200,200,0,'1','2021-12-15',1,NULL,NULL,0,NULL,NULL),(36,1,NULL,200,0,NULL,0,200,200,0,'1','2021-12-15',1,NULL,NULL,0,NULL,NULL),(37,1,NULL,200,0,NULL,0,200,200,0,'1','2021-12-15',1,NULL,NULL,0,NULL,NULL),(38,1,NULL,200,0,NULL,0,200,200,0,'1','2021-12-15',1,NULL,NULL,0,NULL,NULL),(39,1,NULL,60,0,NULL,0,60,60,0,'1','2021-12-15',1,NULL,NULL,0,NULL,NULL),(40,1,NULL,60,0,NULL,0,60,60,0,'1','2021-12-15',1,NULL,NULL,0,NULL,NULL),(41,1,NULL,200,0,NULL,0,200,200,0,'1','2021-12-15',1,NULL,NULL,0,NULL,NULL),(42,1,NULL,20,0,NULL,0,20,20,0,'1','2021-12-15',1,NULL,NULL,0,NULL,NULL),(43,1,NULL,200,0,NULL,0,200,200,0,'1','2021-12-15',1,NULL,NULL,0,NULL,NULL),(44,1,NULL,200,0,NULL,0,200,200,0,'1','2021-12-15',1,NULL,NULL,0,NULL,NULL),(45,1,NULL,20,0,NULL,0,20,20,0,'1','2021-12-15',1,NULL,NULL,0,NULL,NULL),(46,1,NULL,6.67,0,NULL,0,6.67,6.67,0,'1','2021-12-15',1,NULL,NULL,0,NULL,NULL),(47,1,NULL,20,0,NULL,0,20,20,0,'1','2021-12-15',1,NULL,NULL,0,NULL,NULL),(48,1,NULL,200,0,NULL,0,200,200,0,'1','2021-12-16',1,NULL,NULL,0,NULL,NULL),(49,1,NULL,200,0,NULL,0,200,200,0,'1','2021-12-16',1,NULL,NULL,0,NULL,NULL),(50,1,NULL,90,0,NULL,0,90,90,0,'1','2021-12-21',1,NULL,NULL,0,NULL,NULL),(51,1,NULL,90,0,NULL,0,90,90,0,'1','2021-12-21',1,NULL,NULL,0,NULL,NULL),(52,1,NULL,90,0,NULL,0,90,90,0,'1','2021-12-21',1,NULL,NULL,0,NULL,NULL),(53,1,NULL,90,0,NULL,0,90,90,0,'1','2021-12-21',1,NULL,NULL,0,NULL,NULL),(54,1,NULL,90,0,NULL,0,90,90,0,'1','2021-12-21',1,NULL,NULL,0,NULL,NULL),(55,1,NULL,90,0,NULL,0,90,90,0,'1','2021-12-21',1,NULL,NULL,0,NULL,NULL);
/*!40000 ALTER TABLE `mixins_purchase_bills` ENABLE KEYS */;
UNLOCK TABLES;

--
-- Table structure for table `mixins_roles`
--

DROP TABLE IF EXISTS `mixins_roles`;
/*!40101 SET @saved_cs_client     = @@character_set_client */;
/*!40101 SET character_set_client = utf8 */;
CREATE TABLE `mixins_roles` (
  `role_id` int(11) NOT NULL AUTO_INCREMENT,
  `role_name` varchar(45) COLLATE utf8_unicode_ci DEFAULT NULL,
  `is_admin_role` tinyint(1) DEFAULT '1',
  PRIMARY KEY (`role_id`)
) ENGINE=InnoDB AUTO_INCREMENT=25 DEFAULT CHARSET=utf8 COLLATE=utf8_unicode_ci;
/*!40101 SET character_set_client = @saved_cs_client */;

--
-- Dumping data for table `mixins_roles`
--

LOCK TABLES `mixins_roles` WRITE;
/*!40000 ALTER TABLE `mixins_roles` DISABLE KEYS */;
INSERT INTO `mixins_roles` VALUES (1,'الأصناف',1),(2,'الإعدادات',1),(3,'فواتير البيع',1),(4,'اعدادات الباركود',1),(5,'مرتجعات البيع',1),(6,'أصناف مباعة بدون رصيد',1),(7,'فواتير الشراء',1),(8,'تقرير المبيعات',1),(9,'صرف نقدية',1),(10,'العملاء',1),(11,'المستخدمون',1),(12,'خصم ع الفاتورة',1),(13,'توريد نقدية',1),(14,'تعديل العملاء',1),(15,'الصلاحيات',1),(16,'تعديل المستخدمون',1),(17,'حذف مستخدم',1),(18,'حذف فاتورة',1),(19,'اعادة الطباعة',1),(20,'حذف عميل',1),(21,'ايقاف  \\تفعيل العملاء',1),(22,'تعديل سعر البيع ',1),(23,'نقطة البيع',1),(24,'اظهار كلمات المرور',1);
/*!40000 ALTER TABLE `mixins_roles` ENABLE KEYS */;
UNLOCK TABLES;

--
-- Table structure for table `mixins_store`
--

DROP TABLE IF EXISTS `mixins_store`;
/*!40101 SET @saved_cs_client     = @@character_set_client */;
/*!40101 SET character_set_client = utf8 */;
CREATE TABLE `mixins_store` (
  `mixins_store_id` int(11) NOT NULL AUTO_INCREMENT,
  `mixins_store_name` varchar(255) DEFAULT NULL,
  PRIMARY KEY (`mixins_store_id`),
  UNIQUE KEY `mixins_stoke_name_UNIQUE` (`mixins_store_name`)
) ENGINE=InnoDB AUTO_INCREMENT=4 DEFAULT CHARSET=utf8;
/*!40101 SET character_set_client = @saved_cs_client */;

--
-- Dumping data for table `mixins_store`
--

LOCK TABLES `mixins_store` WRITE;
/*!40000 ALTER TABLE `mixins_store` DISABLE KEYS */;
INSERT INTO `mixins_store` VALUES (3,'المخزن'),(2,'مخزن ترانزيت'),(1,'منفذ البيع');
/*!40000 ALTER TABLE `mixins_store` ENABLE KEYS */;
UNLOCK TABLES;

--
-- Table structure for table `mixins_suppliers`
--

DROP TABLE IF EXISTS `mixins_suppliers`;
/*!40101 SET @saved_cs_client     = @@character_set_client */;
/*!40101 SET character_set_client = utf8 */;
CREATE TABLE `mixins_suppliers` (
  `supplier_id` int(11) NOT NULL AUTO_INCREMENT,
  `supplier_name` varchar(45) NOT NULL,
  `supplier_mobile` varchar(45) NOT NULL,
  `supplier_total_withdrawals` double DEFAULT NULL,
  `supplier_total_paid` double DEFAULT NULL,
  `supplier_total_remain` double DEFAULT NULL,
  PRIMARY KEY (`supplier_id`)
) ENGINE=InnoDB AUTO_INCREMENT=4 DEFAULT CHARSET=utf8;
/*!40101 SET character_set_client = @saved_cs_client */;

--
-- Dumping data for table `mixins_suppliers`
--

LOCK TABLES `mixins_suppliers` WRITE;
/*!40000 ALTER TABLE `mixins_suppliers` DISABLE KEYS */;
INSERT INTO `mixins_suppliers` VALUES (1,' مورد جرد','01002208627',5157.12,5517.12,-60),(2,'11','11',NULL,NULL,NULL),(3,'a','2',NULL,NULL,NULL);
/*!40000 ALTER TABLE `mixins_suppliers` ENABLE KEYS */;
UNLOCK TABLES;

--
-- Table structure for table `mixins_type_stock`
--

DROP TABLE IF EXISTS `mixins_type_stock`;
/*!40101 SET @saved_cs_client     = @@character_set_client */;
/*!40101 SET character_set_client = utf8 */;
CREATE TABLE `mixins_type_stock` (
  `mixins_type_stock_id` bigint(20) NOT NULL AUTO_INCREMENT,
  `mixins_type_stock` double DEFAULT NULL,
  `type_stock_id` bigint(20) DEFAULT NULL,
  `type_exp_date` date DEFAULT NULL,
  `mixins_store` int(11) DEFAULT NULL,
  PRIMARY KEY (`mixins_type_stock_id`),
  KEY `type_stoke_id_idx` (`type_stock_id`),
  KEY `mixins_store_id_idx` (`mixins_store`)
) ENGINE=InnoDB AUTO_INCREMENT=12 DEFAULT CHARSET=utf8;
/*!40101 SET character_set_client = @saved_cs_client */;

--
-- Dumping data for table `mixins_type_stock`
--

LOCK TABLES `mixins_type_stock` WRITE;
/*!40000 ALTER TABLE `mixins_type_stock` DISABLE KEYS */;
INSERT INTO `mixins_type_stock` VALUES (1,8,3231,NULL,NULL),(10,4,4,NULL,NULL),(11,2,1,NULL,NULL);
/*!40000 ALTER TABLE `mixins_type_stock` ENABLE KEYS */;
UNLOCK TABLES;

--
-- Table structure for table `offers`
--

DROP TABLE IF EXISTS `offers`;
/*!40101 SET @saved_cs_client     = @@character_set_client */;
/*!40101 SET character_set_client = utf8 */;
CREATE TABLE `offers` (
  `id` int(11) NOT NULL AUTO_INCREMENT,
  `main_type` int(11) DEFAULT NULL,
  `sup_type` int(11) DEFAULT NULL,
  `offer_discount_percent` int(11) DEFAULT NULL,
  `main_type_count` int(11) DEFAULT NULL,
  PRIMARY KEY (`id`)
) ENGINE=InnoDB DEFAULT CHARSET=utf8;
/*!40101 SET character_set_client = @saved_cs_client */;

--
-- Dumping data for table `offers`
--

LOCK TABLES `offers` WRITE;
/*!40000 ALTER TABLE `offers` DISABLE KEYS */;
/*!40000 ALTER TABLE `offers` ENABLE KEYS */;
UNLOCK TABLES;

--
-- Table structure for table `pay_methods`
--

DROP TABLE IF EXISTS `pay_methods`;
/*!40101 SET @saved_cs_client     = @@character_set_client */;
/*!40101 SET character_set_client = utf8 */;
CREATE TABLE `pay_methods` (
  `id` int(11) NOT NULL AUTO_INCREMENT,
  `pay_method_name` varchar(45) DEFAULT NULL,
  PRIMARY KEY (`id`)
) ENGINE=InnoDB AUTO_INCREMENT=4 DEFAULT CHARSET=utf8;
/*!40101 SET character_set_client = @saved_cs_client */;

--
-- Dumping data for table `pay_methods`
--

LOCK TABLES `pay_methods` WRITE;
/*!40000 ALTER TABLE `pay_methods` DISABLE KEYS */;
INSERT INTO `pay_methods` VALUES (1,'كاش'),(2,'فيزا'),(3,'آجل');
/*!40000 ALTER TABLE `pay_methods` ENABLE KEYS */;
UNLOCK TABLES;

--
-- Table structure for table `purchase_bill_types`
--

DROP TABLE IF EXISTS `purchase_bill_types`;
/*!40101 SET @saved_cs_client     = @@character_set_client */;
/*!40101 SET character_set_client = utf8 */;
CREATE TABLE `purchase_bill_types` (
  `purchase_bill_types_id` bigint(20) NOT NULL AUTO_INCREMENT,
  `purchase_bills` bigint(20) DEFAULT NULL,
  `type_id` bigint(20) DEFAULT NULL,
  `type_count` double DEFAULT NULL,
  `type_purchase_price` double DEFAULT NULL,
  `type_sill_price` double DEFAULT NULL,
  `total_purchase_price` double DEFAULT NULL,
  `type_vat` double DEFAULT NULL,
  `mixins_type_stock` bigint(20) DEFAULT NULL,
  PRIMARY KEY (`purchase_bill_types_id`)
) ENGINE=InnoDB AUTO_INCREMENT=61 DEFAULT CHARSET=utf8;
/*!40101 SET character_set_client = @saved_cs_client */;

--
-- Dumping data for table `purchase_bill_types`
--

LOCK TABLES `purchase_bill_types` WRITE;
/*!40000 ALTER TABLE `purchase_bill_types` DISABLE KEYS */;
INSERT INTO `purchase_bill_types` VALUES (16,18,2,4,8,10,32,NULL,2),(17,19,2,4,8,10,32,NULL,2),(20,22,2,1,8,10,8,NULL,2),(21,23,2,5,8,10,40,NULL,2),(22,24,2,6,8,10,48,NULL,2),(23,25,2,9,8,10,72,NULL,2),(24,26,2,6,8,10,48,NULL,2),(25,27,5,1,10,10.5,10,NULL,5),(26,27,8,1,4,5,4,NULL,8),(27,27,2,1,8,10,8,NULL,2),(28,27,10,1,0.95,1.25,0.95,NULL,10),(29,27,3,1,13.5,20,13.5,NULL,3),(30,27,1,1,18,20,18,NULL,1),(31,28,1,21,18,20,378,NULL,NULL),(32,29,3136,1,1,1,1,NULL,NULL),(33,29,3244,1,20,22,20,NULL,NULL),(34,29,8413,1,0,2,0,NULL,NULL),(35,30,3136,1,1,1,1,NULL,NULL),(36,31,1,10,18,20,180,NULL,NULL),(37,32,1,10,18,20,180,NULL,NULL),(38,33,12093,10,100,100,1000,NULL,NULL),(39,34,12097,10,20,24.75,200,NULL,NULL),(40,35,12097,10,20,24.75,200,NULL,NULL),(41,36,12097,10,20,24.75,200,NULL,NULL),(42,37,12097,10,20,24.75,200,NULL,NULL),(43,38,12097,10,20,24.75,200,NULL,NULL),(44,39,12097,3,20,24.75,60,NULL,NULL),(45,40,12097,3,20,24.75,60,NULL,NULL),(46,41,12097,10,20,24.75,200,NULL,NULL),(47,42,12097,1,20,24.75,20,NULL,NULL),(48,43,12097,10,20,24.75,200,NULL,NULL),(49,44,12097,10,20,24.75,200,NULL,NULL),(50,45,12097,1,20,24.75,20,NULL,NULL),(51,46,12097,1,6.6666666666667,24.75,6.6666666666667,NULL,NULL),(52,47,12097,1,20,24.75,20,NULL,NULL),(53,48,1,10,20,30,200,NULL,NULL),(54,49,1,10,20,30,200,NULL,NULL),(55,50,1,5,18,20,90,NULL,NULL),(56,51,1,5,18,20,90,NULL,NULL),(57,52,1,5,18,20,90,NULL,NULL),(58,53,1,5,18,20,90,NULL,NULL),(59,54,1,5,18,20,90,NULL,NULL),(60,55,1,5,18,20,90,NULL,NULL);
/*!40000 ALTER TABLE `purchase_bill_types` ENABLE KEYS */;
UNLOCK TABLES;

--
-- Table structure for table `return_types`
--

DROP TABLE IF EXISTS `return_types`;
/*!40101 SET @saved_cs_client     = @@character_set_client */;
/*!40101 SET character_set_client = utf8 */;
CREATE TABLE `return_types` (
  `return_type_id` bigint(20) NOT NULL AUTO_INCREMENT,
  `return_id` bigint(20) DEFAULT NULL,
  `type_id` bigint(20) DEFAULT NULL,
  `type_count` double DEFAULT '0',
  `type_price` double DEFAULT '0',
  `type_total_price` double DEFAULT '0',
  `type_discount` double DEFAULT '0',
  `type_vat` double DEFAULT '0',
  `type_exp_date` date DEFAULT NULL,
  `sell_unit` int(11) DEFAULT NULL,
  `returned` tinyint(1) DEFAULT '0',
  `returned_qty` double DEFAULT '0',
  `type_cost` double DEFAULT '0',
  `type_note` varchar(555) DEFAULT NULL,
  `returned_total` double DEFAULT '0',
  PRIMARY KEY (`return_type_id`)
) ENGINE=InnoDB AUTO_INCREMENT=104 DEFAULT CHARSET=utf8;
/*!40101 SET character_set_client = @saved_cs_client */;

--
-- Dumping data for table `return_types`
--

LOCK TABLES `return_types` WRITE;
/*!40000 ALTER TABLE `return_types` DISABLE KEYS */;
INSERT INTO `return_types` VALUES (87,62,1,1,0,20,0,0,NULL,NULL,0,1,0,NULL,20),(88,63,1,1,0,20,0,0,NULL,NULL,0,1,0,NULL,20),(89,64,1,2,0,40,0,0,NULL,NULL,0,2,0,NULL,40),(90,65,1,1,20,20,0,0,NULL,NULL,0,1,0,NULL,20),(91,66,1,1,20,20,0,0,NULL,NULL,0,1,0,NULL,20),(92,67,1,1,20,20,0,0,NULL,NULL,0,1,0,NULL,20),(93,68,1,1,20,20,0,0,NULL,NULL,0,1,0,NULL,20),(94,69,4,1,20,20,0,0,NULL,NULL,0,1,0,NULL,20),(95,70,4,1,20,20,0,0,NULL,NULL,0,1,0,NULL,20),(96,71,2,1,100,100,0,0,NULL,NULL,0,1,0,NULL,100),(97,72,2,1,100,100,0,0,NULL,NULL,0,1,0,NULL,100),(98,73,2,1,200,200,0,0,NULL,NULL,0,1,0,NULL,200),(99,74,2,1,200,200,0,0,NULL,NULL,0,1,0,NULL,200),(100,75,2,1,200,200,0,0,NULL,NULL,0,1,0,NULL,200),(101,76,3,1,20,20,0,0,NULL,NULL,0,1,0,NULL,20),(102,77,2,1,200,200,0,0,NULL,NULL,0,1,0,NULL,200),(103,78,2,11,10,110,0,0,NULL,NULL,0,11,0,NULL,110);
/*!40000 ALTER TABLE `return_types` ENABLE KEYS */;
UNLOCK TABLES;

--
-- Table structure for table `returns`
--

DROP TABLE IF EXISTS `returns`;
/*!40101 SET @saved_cs_client     = @@character_set_client */;
/*!40101 SET character_set_client = utf8 */;
CREATE TABLE `returns` (
  `return_id` bigint(20) NOT NULL AUTO_INCREMENT,
  `bill_no` bigint(20) DEFAULT NULL,
  `vat` bigint(20) DEFAULT NULL,
  `sum` double DEFAULT '0',
  `total` double DEFAULT '0',
  `user_id` int(11) DEFAULT NULL,
  `returns_date` datetime DEFAULT NULL,
  PRIMARY KEY (`return_id`)
) ENGINE=InnoDB AUTO_INCREMENT=79 DEFAULT CHARSET=utf8;
/*!40101 SET character_set_client = @saved_cs_client */;

--
-- Dumping data for table `returns`
--

LOCK TABLES `returns` WRITE;
/*!40000 ALTER TABLE `returns` DISABLE KEYS */;
INSERT INTO `returns` VALUES (61,103,5,30,34.5,1,'2021-12-24 17:24:23'),(62,104,3,20,23,1,'2021-12-24 17:30:15'),(63,105,3,20,23,1,'2021-12-24 17:31:11'),(64,106,6,40,46,1,'2021-12-24 18:00:55'),(65,107,3,20,23,1,'2021-12-24 18:08:47'),(66,119,3,20,23,1,'2021-12-28 18:16:38'),(67,118,3,20,23,1,'2021-12-28 18:29:52'),(68,116,3,20,23,1,'2021-12-28 18:29:56'),(69,148,3,20,23,1,'2022-02-17 16:47:34'),(70,148,3,20,23,1,'2022-02-17 16:48:54'),(71,133,15,100,115,1,'2022-02-21 20:26:33'),(72,133,15,100,115,1,'2022-02-21 20:26:42'),(73,267,30,200,230,1,'2022-02-21 20:27:37'),(74,267,30,200,230,1,'2022-02-21 20:28:29'),(75,267,30,200,230,1,'2022-02-21 20:28:42'),(76,266,3,20,23,1,'2022-02-21 20:31:18'),(77,265,30,200,230,1,'2022-02-21 20:31:37'),(78,269,17,110,126.5,1,'2022-02-24 18:33:40');
/*!40000 ALTER TABLE `returns` ENABLE KEYS */;
UNLOCK TABLES;

--
-- Table structure for table `sales_type`
--

DROP TABLE IF EXISTS `sales_type`;
/*!40101 SET @saved_cs_client     = @@character_set_client */;
/*!40101 SET character_set_client = utf8 */;
CREATE TABLE `sales_type` (
  `id` int(11) NOT NULL AUTO_INCREMENT,
  `sill_type_name` varchar(45) DEFAULT NULL,
  `sill_type_discount` double DEFAULT NULL,
  PRIMARY KEY (`id`)
) ENGINE=InnoDB AUTO_INCREMENT=2 DEFAULT CHARSET=utf8;
/*!40101 SET character_set_client = @saved_cs_client */;

--
-- Dumping data for table `sales_type`
--

LOCK TABLES `sales_type` WRITE;
/*!40000 ALTER TABLE `sales_type` DISABLE KEYS */;
INSERT INTO `sales_type` VALUES (1,'جملة',100);
/*!40000 ALTER TABLE `sales_type` ENABLE KEYS */;
UNLOCK TABLES;

--
-- Table structure for table `shifts`
--

DROP TABLE IF EXISTS `shifts`;
/*!40101 SET @saved_cs_client     = @@character_set_client */;
/*!40101 SET character_set_client = utf8 */;
CREATE TABLE `shifts` (
  `id` bigint(50) NOT NULL AUTO_INCREMENT,
  `current_user` int(11) DEFAULT NULL,
  `recived_user` int(11) DEFAULT NULL,
  `starter_point` double DEFAULT NULL,
  `cash` double DEFAULT '0',
  `later` double DEFAULT '0',
  `card` double DEFAULT '0',
  `transfer` double DEFAULT '0',
  `increase` double DEFAULT '0',
  `deficit` double DEFAULT '0',
  `remain` double DEFAULT '0',
  `starter_date` datetime DEFAULT NULL,
  `end_date` datetime DEFAULT NULL,
  PRIMARY KEY (`id`)
) ENGINE=InnoDB AUTO_INCREMENT=13 DEFAULT CHARSET=utf8;
/*!40101 SET character_set_client = @saved_cs_client */;

--
-- Dumping data for table `shifts`
--

LOCK TABLES `shifts` WRITE;
/*!40000 ALTER TABLE `shifts` DISABLE KEYS */;
INSERT INTO `shifts` VALUES (1,1,1,0,330,65,57.5,200,130,0,100,'2022-02-18 21:54:59','2022-02-19 12:21:37'),(6,1,1,0,1768.08,149.5,57.5,300,1468.08,0,100,'2022-02-19 13:19:40','2022-02-20 13:29:13'),(7,1,1,0,1250,0,0,1000,250,0,0,'2022-02-20 13:57:27','2022-02-20 13:58:40'),(8,1,1,0,1150,0,0,1000,0,150,0,'2022-02-20 14:01:46','2022-02-20 14:02:27'),(9,1,1,0,0,0,0,1,1,0,10,'2022-02-20 14:16:39','2022-02-20 14:18:03'),(10,1,1,0,125,0,0,125,0,0,0,'2022-02-20 14:18:07','2022-02-20 14:18:31'),(11,1,1,0,2103.83,103.5,115,2000,0,-103.83,0,'2022-02-20 14:18:41','2022-02-24 14:54:25'),(12,1,NULL,0,63.25,0,0,0,0,0,0,'2022-02-24 18:29:50',NULL);
/*!40000 ALTER TABLE `shifts` ENABLE KEYS */;
UNLOCK TABLES;

--
-- Table structure for table `table_types`
--

DROP TABLE IF EXISTS `table_types`;
/*!40101 SET @saved_cs_client     = @@character_set_client */;
/*!40101 SET character_set_client = utf8 */;
CREATE TABLE `table_types` (
  `table_type_id` bigint(20) NOT NULL AUTO_INCREMENT,
  `table_bill_id` bigint(20) DEFAULT NULL,
  `type_id` bigint(20) DEFAULT NULL,
  `type_count` double DEFAULT '0',
  `type_price` double DEFAULT '0',
  `type_total_price` double DEFAULT '0',
  `type_discount` double DEFAULT '0',
  `type_vat` double DEFAULT '0',
  `sell_unit` int(11) DEFAULT NULL,
  `type_cost` double DEFAULT '0',
  `type_note` varchar(555) DEFAULT NULL,
  PRIMARY KEY (`table_type_id`)
) ENGINE=InnoDB AUTO_INCREMENT=30 DEFAULT CHARSET=utf8;
/*!40101 SET character_set_client = @saved_cs_client */;

--
-- Dumping data for table `table_types`
--

LOCK TABLES `table_types` WRITE;
/*!40000 ALTER TABLE `table_types` DISABLE KEYS */;
INSERT INTO `table_types` VALUES (24,24,2,3,200,600,0,0,22,0,NULL),(25,24,11,1,25,25,0,0,23,0,NULL),(29,27,2,1,100,100,0,0,20,0,NULL);
/*!40000 ALTER TABLE `table_types` ENABLE KEYS */;
UNLOCK TABLES;

--
-- Table structure for table `tables`
--

DROP TABLE IF EXISTS `tables`;
/*!40101 SET @saved_cs_client     = @@character_set_client */;
/*!40101 SET character_set_client = utf8 */;
CREATE TABLE `tables` (
  `id` bigint(20) NOT NULL AUTO_INCREMENT,
  `table_no` bigint(20) DEFAULT NULL,
  `room` varchar(255) DEFAULT NULL,
  `is_resrved` tinyint(4) DEFAULT '0',
  `mini_charge` decimal(8,0) DEFAULT NULL,
  PRIMARY KEY (`id`)
) ENGINE=InnoDB AUTO_INCREMENT=3 DEFAULT CHARSET=utf8 COMMENT='The bill for customer';
/*!40101 SET character_set_client = @saved_cs_client */;

--
-- Dumping data for table `tables`
--

LOCK TABLES `tables` WRITE;
/*!40000 ALTER TABLE `tables` DISABLE KEYS */;
INSERT INTO `tables` VALUES (1,1,'22',0,1000),(2,3,'33',1,2);
/*!40000 ALTER TABLE `tables` ENABLE KEYS */;
UNLOCK TABLES;

--
-- Table structure for table `tables_bill`
--

DROP TABLE IF EXISTS `tables_bill`;
/*!40101 SET @saved_cs_client     = @@character_set_client */;
/*!40101 SET character_set_client = utf8 */;
CREATE TABLE `tables_bill` (
  `id` bigint(20) NOT NULL AUTO_INCREMENT,
  `table_id` bigint(20) DEFAULT NULL,
  `cust_id` bigint(20) DEFAULT NULL,
  `bill_sum` double DEFAULT '0' COMMENT 'Tha actual sum for the bill',
  `bill_total` double DEFAULT '0' COMMENT 'The summation after discount',
  `bill_extra` double DEFAULT '0',
  `bill_notes` text,
  `user_id` int(11) DEFAULT NULL,
  PRIMARY KEY (`id`)
) ENGINE=InnoDB AUTO_INCREMENT=28 DEFAULT CHARSET=utf8 COMMENT='The bill for customer';
/*!40101 SET character_set_client = @saved_cs_client */;

--
-- Dumping data for table `tables_bill`
--

LOCK TABLES `tables_bill` WRITE;
/*!40000 ALTER TABLE `tables_bill` DISABLE KEYS */;
INSERT INTO `tables_bill` VALUES (24,1,NULL,625,718.75,0,NULL,1),(27,2,1,100,103.5,0,NULL,1);
/*!40000 ALTER TABLE `tables_bill` ENABLE KEYS */;
UNLOCK TABLES;

--
-- Table structure for table `type_units`
--

DROP TABLE IF EXISTS `type_units`;
/*!40101 SET @saved_cs_client     = @@character_set_client */;
/*!40101 SET character_set_client = utf8 */;
CREATE TABLE `type_units` (
  `type_unit_id` int(11) NOT NULL AUTO_INCREMENT,
  `price` double DEFAULT NULL,
  `type_id` bigint(20) DEFAULT NULL,
  `unit_id` int(11) DEFAULT NULL,
  `no_of_unit` int(11) DEFAULT NULL,
  `deff_price` double DEFAULT NULL,
  `barcode` varchar(255) DEFAULT NULL,
  PRIMARY KEY (`type_unit_id`),
  UNIQUE KEY `barcode_UNIQUE` (`barcode`)
) ENGINE=InnoDB AUTO_INCREMENT=33 DEFAULT CHARSET=utf8;
/*!40101 SET character_set_client = @saved_cs_client */;

--
-- Dumping data for table `type_units`
--

LOCK TABLES `type_units` WRITE;
/*!40000 ALTER TABLE `type_units` DISABLE KEYS */;
INSERT INTO `type_units` VALUES (20,100,2,2,1,0,NULL),(21,20,4,4,1,0,NULL),(22,200,2,4,1,0,NULL),(23,25,11,2,1,0,NULL),(24,25,1,3,1,0,NULL),(25,10.5,5,4,1,0,NULL),(26,12,6,3,1,0,NULL),(27,55,7,5,1,0,NULL),(28,5,8,3,1,0,NULL),(29,15,9,5,1,0,NULL),(30,1.25,10,2,1,0,NULL),(31,20,3,3,1,0,NULL),(32,10,2,3,1,0,NULL);
/*!40000 ALTER TABLE `type_units` ENABLE KEYS */;
UNLOCK TABLES;

--
-- Table structure for table `types`
--

DROP TABLE IF EXISTS `types`;
/*!40101 SET @saved_cs_client     = @@character_set_client */;
/*!40101 SET character_set_client = utf8 */;
CREATE TABLE `types` (
  `type_id` bigint(20) NOT NULL AUTO_INCREMENT,
  `type_name_ar` varchar(200) DEFAULT NULL,
  `type_name_en` varchar(100) DEFAULT NULL,
  `type_icon` varchar(100) DEFAULT NULL,
  `type_location` int(11) DEFAULT '0',
  `type_purchases_price` double DEFAULT '0',
  `type_count` double DEFAULT '0',
  `type_has_vat` tinyint(1) NOT NULL DEFAULT '1',
  `type_vat_value` double NOT NULL DEFAULT '0',
  `type_vat_percent` int(11) DEFAULT '0',
  `type_note` varchar(255) DEFAULT NULL,
  `type_sill_price` double DEFAULT '0',
  `type_discount_value` double DEFAULT '0',
  `type_discount_percent` int(11) DEFAULT '0',
  `total_type_cost` double DEFAULT '0',
  `type_barcode` varchar(45) DEFAULT NULL,
  `type_unit` int(11) DEFAULT NULL,
  `type_exp_date` date DEFAULT NULL,
  `main_type` int(11) DEFAULT NULL,
  `sell_unit` int(11) DEFAULT '1',
  `lg_unit` varchar(255) DEFAULT 'وحدة كبرى',
  `md_unit` varchar(255) DEFAULT 'وحدة كبرى',
  `no_md_unit` int(11) DEFAULT '1',
  `sm_unit` varchar(255) DEFAULT 'وحدة كبرى',
  `no_sm_unit` int(11) DEFAULT '1',
  `diff_md_unit_price` double DEFAULT '0',
  `diff_sm_unit_price` double DEFAULT '0',
  `is_deleted` tinyint(1) DEFAULT '0',
  `minimum_sill_price` double DEFAULT '0',
  `type_code` varchar(45) DEFAULT '0',
  `has_offer` tinyint(1) DEFAULT '0',
  `type_return_count` double DEFAULT NULL,
  `calc_count` double DEFAULT NULL,
  `typescol` varchar(45) DEFAULT '0',
  PRIMARY KEY (`type_id`),
  UNIQUE KEY `type_barcode_UNIQUE` (`type_barcode`),
  KEY `mainType_idx` (`main_type`),
  CONSTRAINT `mainType` FOREIGN KEY (`main_type`) REFERENCES `mixins_main_types` (`main_type_id`) ON DELETE NO ACTION ON UPDATE NO ACTION
) ENGINE=InnoDB AUTO_INCREMENT=12 DEFAULT CHARSET=utf8 COMMENT='types';
/*!40101 SET character_set_client = @saved_cs_client */;

--
-- Dumping data for table `types`
--

LOCK TABLES `types` WRITE;
/*!40000 ALTER TABLE `types` DISABLE KEYS */;
INSERT INTO `types` VALUES (2,'نص',NULL,'backend/products/product.png',NULL,8,NULL,1,0,15,NULL,10,0,0,NULL,'5410076652648',NULL,NULL,1,22,'وحدة كبرى','وحدة كبرى',2,'وحدة كبرى',5,0,0,0,5,NULL,0,NULL,NULL,'0'),(3,'صنف جديد','New Type','backend/products/product.png',NULL,13.5,NULL,1,0,15,NULL,20,0,0,NULL,'8901526909131',NULL,NULL,1,31,'ك','ك',3,'ك',10,0,0,0,0,'س3',0,NULL,NULL,'0'),(4,'نسكافيه 3*1 4 زياده',NULL,'backend/products/product.png',NULL,1,NULL,1,0,15,NULL,20,0,0,NULL,'8850124094667',NULL,NULL,1,21,'ك','ك',1,'ك',1,0,0,0,0,'s3',0,NULL,NULL,'0'),(5,'اسم الصنف','TypeName','backend/products/product.png',NULL,10,NULL,1,0,15,NULL,10.5,0,0,NULL,'5410076932450',NULL,NULL,1,25,'ك','ك',1,'ك',1,0,0,0,0,'s3',0,NULL,NULL,'0'),(6,'بسكوت كابريس شيكولاتة 250جم',NULL,'backend/products/product.png',NULL,8,NULL,1,0,15,NULL,12,0,0,NULL,'5201004022356',NULL,NULL,1,26,'ك','ك',1,'ك',1,0,0,0,0,'s1',0,NULL,NULL,'0'),(7,'عسل سدر كشميرىنصف ك',NULL,'backend/products/product.png',NULL,50,NULL,1,0,15,NULL,55,0,0,NULL,'6281154511060',NULL,NULL,1,27,'ك','ك',1,'ك',1,0,0,0,0,'ss',0,NULL,NULL,'0'),(8,'اوركيدا بالليمون 350مل',NULL,'backend/products/product.png',NULL,4,NULL,1,0,15,NULL,5,0,0,NULL,'6282307305321',NULL,NULL,1,28,'ك','م',3,'ص',10,0,0,0,0,'',0,NULL,NULL,'0'),(9,'شاى ربيع اكسبرس (100+25)',NULL,'backend/products/product.png',NULL,13.5,NULL,1,0,15,NULL,15,0,0,NULL,'6281013234017',NULL,NULL,1,29,'وحدة كبرى','وحدة كبرى',1,'وحدة كبرى',1,0,0,0,0,NULL,0,NULL,NULL,'0'),(10,'حليب 200 مل الصافي',NULL,'backend/products/product.png',NULL,0.95,NULL,1,0,15,NULL,1.25,0,0,NULL,'6281022120165',NULL,NULL,1,30,'ك','ك',1,'ك',1,0,0,0,0,'ss',0,NULL,NULL,'0'),(11,'كوردن بلو','corden blue','backend/products/product.png',NULL,0,0,1,0,0,NULL,25,0,0,0,'6554646456',NULL,NULL,1,23,'وحدة كبرى','وحدة كبرى',1,'وحدة كبرى',1,0,0,0,NULL,'0',0,NULL,NULL,'0');
/*!40000 ALTER TABLE `types` ENABLE KEYS */;
UNLOCK TABLES;

--
-- Table structure for table `types_sold_without_balance`
--

DROP TABLE IF EXISTS `types_sold_without_balance`;
/*!40101 SET @saved_cs_client     = @@character_set_client */;
/*!40101 SET character_set_client = utf8 */;
CREATE TABLE `types_sold_without_balance` (
  `types_sold_without_balance_id` bigint(20) NOT NULL AUTO_INCREMENT,
  `type_id` bigint(20) DEFAULT NULL,
  `qty` double DEFAULT NULL,
  PRIMARY KEY (`types_sold_without_balance_id`)
) ENGINE=InnoDB AUTO_INCREMENT=59 DEFAULT CHARSET=utf8 COLLATE=utf8_unicode_ci;
/*!40101 SET character_set_client = @saved_cs_client */;

--
-- Dumping data for table `types_sold_without_balance`
--

LOCK TABLES `types_sold_without_balance` WRITE;
/*!40000 ALTER TABLE `types_sold_without_balance` DISABLE KEYS */;
INSERT INTO `types_sold_without_balance` VALUES (1,15,30),(2,31,1),(3,24,2),(4,22,6),(5,32,1),(6,36,1),(7,39,2),(8,12073,9),(9,12071,11),(10,47,1),(11,5,25),(12,6,16),(13,7,34),(14,8,18),(15,10,10),(16,4,30),(17,3,32),(18,9,9),(19,11,23),(20,73,19.25),(21,74,31.5),(22,80,12),(23,18,18.1),(24,12057,12),(25,12058,10),(26,12060,10),(27,12064,13),(28,12063,8),(29,12069,9),(30,12072,10),(31,12070,14),(32,19,9),(33,12056,7),(34,2,118),(35,1,132),(36,3136,28),(37,3244,16),(38,23,1),(39,12092,1),(40,12074,4),(41,12076,7),(42,12080,5),(43,3231,7),(44,3960,6),(45,6335,4),(46,11106,5),(47,11671,5),(48,12050,5),(49,12077,4),(50,12078,4),(51,12089,3),(52,12090,4),(53,8413,1),(54,222,1),(55,1111,1),(56,13,1),(57,14,1),(58,12100,1);
/*!40000 ALTER TABLE `types_sold_without_balance` ENABLE KEYS */;
UNLOCK TABLES;

--
-- Table structure for table `units`
--

DROP TABLE IF EXISTS `units`;
/*!40101 SET @saved_cs_client     = @@character_set_client */;
/*!40101 SET character_set_client = utf8 */;
CREATE TABLE `units` (
  `unit_id` int(11) NOT NULL AUTO_INCREMENT,
  `unit_ar_name` varchar(255) DEFAULT NULL,
  `unit_en_name` varchar(255) DEFAULT NULL,
  PRIMARY KEY (`unit_id`)
) ENGINE=InnoDB AUTO_INCREMENT=6 DEFAULT CHARSET=utf8;
/*!40101 SET character_set_client = @saved_cs_client */;

--
-- Dumping data for table `units`
--

LOCK TABLES `units` WRITE;
/*!40000 ALTER TABLE `units` DISABLE KEYS */;
INSERT INTO `units` VALUES (2,'م','م'),(3,'ص','ص'),(4,'ك','ك'),(5,'a','a');
/*!40000 ALTER TABLE `units` ENABLE KEYS */;
UNLOCK TABLES;

--
-- Table structure for table `user_roles`
--

DROP TABLE IF EXISTS `user_roles`;
/*!40101 SET @saved_cs_client     = @@character_set_client */;
/*!40101 SET character_set_client = utf8 */;
CREATE TABLE `user_roles` (
  `user_role_id` int(11) NOT NULL AUTO_INCREMENT,
  `mixins_role` int(11) DEFAULT NULL,
  `user_id` int(11) DEFAULT NULL,
  PRIMARY KEY (`user_role_id`)
) ENGINE=InnoDB AUTO_INCREMENT=55 DEFAULT CHARSET=utf8 COLLATE=utf8_unicode_ci;
/*!40101 SET character_set_client = @saved_cs_client */;

--
-- Dumping data for table `user_roles`
--

LOCK TABLES `user_roles` WRITE;
/*!40000 ALTER TABLE `user_roles` DISABLE KEYS */;
INSERT INTO `user_roles` VALUES (21,18,1),(22,19,1),(23,20,1),(24,21,1),(26,23,1),(27,24,1),(39,3,1),(40,4,1),(41,5,1),(42,6,1),(43,7,1),(44,8,1),(45,9,1),(46,10,1),(47,22,1),(50,11,1),(51,16,1),(52,15,1),(53,1,1),(54,2,1);
/*!40000 ALTER TABLE `user_roles` ENABLE KEYS */;
UNLOCK TABLES;

--
-- Table structure for table `users`
--

DROP TABLE IF EXISTS `users`;
/*!40101 SET @saved_cs_client     = @@character_set_client */;
/*!40101 SET character_set_client = utf8 */;
CREATE TABLE `users` (
  `id` int(11) NOT NULL AUTO_INCREMENT,
  `name` varchar(45) DEFAULT NULL,
  `password` varchar(255) DEFAULT NULL,
  `is_admin` tinyint(1) DEFAULT '0',
  `mobile` varchar(45) DEFAULT NULL,
  `salary` double DEFAULT NULL,
  `full_name` varchar(45) DEFAULT NULL,
  `email` varchar(45) DEFAULT NULL,
  `is_user` tinyint(1) DEFAULT NULL,
  `hour_price` varchar(45) DEFAULT NULL,
  `work_hour_count` varchar(45) DEFAULT NULL,
  `jop_title` varchar(45) DEFAULT NULL,
  PRIMARY KEY (`id`)
) ENGINE=InnoDB AUTO_INCREMENT=105 DEFAULT CHARSET=utf8;
/*!40101 SET character_set_client = @saved_cs_client */;

--
-- Dumping data for table `users`
--

LOCK TABLES `users` WRITE;
/*!40000 ALTER TABLE `users` DISABLE KEYS */;
INSERT INTO `users` VALUES (1,'admin','$2y$12$JQnOLosNvFG1Tfoj3rXS9.u805/xHhtfEJD.90QDeOjakAQN3Bl0y',1,'01002208627',1000,'مصطفى','m.abdalmoamen@gmail.com',1,NULL,NULL,NULL),(102,'mostafa','1234',0,'',0,'',NULL,2,NULL,NULL,NULL),(103,'user','$2y$10$IxEcCQPzJHGi6YC3AsTASuItt0XMaw4.R2j5cbTUVxF3mJ6oiu5Mm',0,'1',0,NULL,'user',1,'0','8',NULL),(104,'a',NULL,0,'a',0,NULL,NULL,0,'0','8',NULL);
/*!40000 ALTER TABLE `users` ENABLE KEYS */;
UNLOCK TABLES;
/*!40103 SET TIME_ZONE=@OLD_TIME_ZONE */;

/*!40101 SET SQL_MODE=@OLD_SQL_MODE */;
/*!40014 SET FOREIGN_KEY_CHECKS=@OLD_FOREIGN_KEY_CHECKS */;
/*!40014 SET UNIQUE_CHECKS=@OLD_UNIQUE_CHECKS */;
/*!40101 SET CHARACTER_SET_CLIENT=@OLD_CHARACTER_SET_CLIENT */;
/*!40101 SET CHARACTER_SET_RESULTS=@OLD_CHARACTER_SET_RESULTS */;
/*!40101 SET COLLATION_CONNECTION=@OLD_COLLATION_CONNECTION */;
/*!40111 SET SQL_NOTES=@OLD_SQL_NOTES */;

-- Dump completed on 2022-02-25 23:59:00
